nodeName,layer,layerName,definition,UKspecific,filterCoverage,subnetwork_infrastructure_communications,subnetwork_infrastructure_electric,subnetwork_food,subnetwork_infrastructure_gas,subnetwork_medical,subnetwork_lawOrder,subnetwork_nature,subnetwork_religion,subnetwork_infrastructure_transport,subnetwork_infrastructure_transport_air,subnetwork_infrastructure_transport_active,subnetwork_infrastructure_transport_rail,subnetwork_infrastructure_transport_roadPrivate,subnetwork_infrastructure_transport_roadPublic,subnetwork_infrastructure_waste,subnetwork_infrastructure_water,subnetwork_infrastructure_water_black,subnetwork_infrastructure_water_blue,subnetwork_infrastructure_water_green,subnetwork_infrastructure_water_grey,hazard_biological,hazard_cyberAttack,hazard_drought,hazard_earthquake,hazard_fire,hazard_flood,hazard_landslide,hazard_snow,hazard_wind
Cultural heritage and sense of place,1,Functional purposes,,FALSE,FALSE,0,0,0,0,0,0,0,0,0,0,0,0,0,0,0,0,0,0,0,0,FALSE,FALSE,FALSE,FALSE,FALSE,FALSE,FALSE,FALSE,FALSE
Economic opportunity,1,Functional purposes,,FALSE,FALSE,0,0,0,0,0,0,0,0,0,0,0,0,0,0,0,0,0,0,0,0,FALSE,FALSE,FALSE,FALSE,FALSE,FALSE,FALSE,FALSE,FALSE
Globalised connectivity,1,Functional purposes,,FALSE,FALSE,0,0,0,0,0,0,0,0,0,0,0,0,0,0,0,0,0,0,0,0,FALSE,FALSE,FALSE,FALSE,FALSE,FALSE,FALSE,FALSE,FALSE
Knowledge transfer and diffusion of innovation,1,Functional purposes,,FALSE,FALSE,0,0,0,0,0,0,0,0,0,0,0,0,0,0,0,0,0,0,0,0,FALSE,FALSE,FALSE,FALSE,FALSE,FALSE,FALSE,FALSE,FALSE
Physical settlement,1,Functional purposes,,FALSE,FALSE,0,0,0,0,0,0,0,0,0,0,0,0,0,0,0,0,0,0,0,0,FALSE,FALSE,FALSE,FALSE,FALSE,FALSE,FALSE,FALSE,FALSE
Pooling of resources,1,Functional purposes,,FALSE,FALSE,0,0,0,0,0,0,0,0,0,0,0,0,0,0,0,0,0,0,0,0,FALSE,FALSE,FALSE,FALSE,FALSE,FALSE,FALSE,FALSE,FALSE
Safety and security,1,Functional purposes,,FALSE,FALSE,0,0,0,0,0,0,0,0,0,0,0,0,0,0,0,0,0,0,0,0,FALSE,FALSE,FALSE,FALSE,FALSE,FALSE,FALSE,FALSE,FALSE
Social opportunity and care,1,Functional purposes,,FALSE,FALSE,0,0,0,0,0,0,0,0,0,0,0,0,0,0,0,0,0,0,0,0,FALSE,FALSE,FALSE,FALSE,FALSE,FALSE,FALSE,FALSE,FALSE
Wellbeing,1,Functional purposes,,FALSE,FALSE,0,0,0,0,0,0,0,0,0,0,0,0,0,0,0,0,0,0,0,0,FALSE,FALSE,FALSE,FALSE,FALSE,FALSE,FALSE,FALSE,FALSE
Collective identity and community support,2,Values and priority measures,"This is observed as active community engagement, strong social networks and social integration.",FALSE,FALSE,0,0,0,0,0,0,0,0,0,0,0,0,0,0,0,0,0,0,0,0,FALSE,FALSE,FALSE,FALSE,FALSE,FALSE,FALSE,FALSE,FALSE
Comprehensive security and rule of law,2,Values and priority measures,"This includes law enforcement, fair justice, and prevention of crime and corruption.",FALSE,FALSE,0,0,0,0,0,0,0,0,0,0,0,0,0,0,0,0,0,0,0,0,FALSE,FALSE,FALSE,FALSE,FALSE,FALSE,FALSE,FALSE,FALSE
Diverse livelihoods and employment,2,Values and priority measures,"This is facilitated by access to finance, ability to accrue savings, skills training, business support, and social welfare.",FALSE,FALSE,0,0,0,0,0,0,0,0,0,0,0,0,0,0,0,0,0,0,0,0,FALSE,FALSE,FALSE,FALSE,FALSE,FALSE,FALSE,FALSE,FALSE
Effective leadership and management,2,Values and priority measures,"This is enabled by trusted individuals, multi-stakeholder consultation; evidence-based decision-making and disaster risk reduction activities.",FALSE,FALSE,0,0,0,0,0,0,0,0,0,0,0,0,0,0,0,0,0,0,0,0,FALSE,FALSE,FALSE,FALSE,FALSE,FALSE,FALSE,FALSE,FALSE
Effective provision of critical services,2,Values and priority measures,"This results from active management and maintenance of ecosystems, and from diversity of provision, redundant capacity, and adequate maintenance of essential utility services, combined with robust contingency planning.",FALSE,FALSE,0,0,0,0,0,0,0,0,0,0,0,0,0,0,0,0,0,0,0,0,FALSE,FALSE,FALSE,FALSE,FALSE,FALSE,FALSE,FALSE,FALSE
Effective safeguards to human health and life,2,Values and priority measures,"This relies on integrated health facilities and services, and responsive emergency services.",FALSE,FALSE,0,0,0,0,0,0,0,0,0,0,0,0,0,0,0,0,0,0,0,0,FALSE,FALSE,FALSE,FALSE,FALSE,FALSE,FALSE,FALSE,FALSE
Empowered stakeholders,2,Values and priority measures,"This is underpinned by education for all, and relies on access to up-to-date information and knowledge to enable people and organisations to take action.",FALSE,FALSE,0,0,0,0,0,0,0,0,0,0,0,0,0,0,0,0,0,0,0,0,FALSE,FALSE,FALSE,FALSE,FALSE,FALSE,FALSE,FALSE,FALSE
Environmental sustainability,2,Values and priority measures,"(Not in 100RC). The maintenance of natural capital. The two fundamental environmental services - source and sink functions - must be maintained unimpaired over the period of which sustainability is required. Environmental sustainability is a set of constraints on the four major activities regulating the scale of the human economic subsystem: the use of renewable and non-renewable resources on the source side, and pollution and waste assimilation on the sink side (Goodland, 1995).",FALSE,FALSE,0,0,0,0,0,0,0,0,0,0,0,0,0,0,0,0,0,0,0,0,FALSE,FALSE,FALSE,FALSE,FALSE,FALSE,FALSE,FALSE,FALSE
Integrated development and planning,2,Values and priority measures,"This is indicated by the presence of a vision, an integrated development strategy, and plans that are regularly reviewed and updated by cross-departmental groups.",FALSE,FALSE,0,0,0,0,0,0,0,0,0,0,0,0,0,0,0,0,0,0,0,0,FALSE,FALSE,FALSE,FALSE,FALSE,FALSE,FALSE,FALSE,FALSE
Minimal vulnerability,2,Values and priority measures,This relates to the extent to which everyone's basic needs are met.,FALSE,FALSE,0,0,0,0,0,0,0,0,0,0,0,0,0,0,0,0,0,0,0,0,FALSE,FALSE,FALSE,FALSE,FALSE,FALSE,FALSE,FALSE,FALSE
Reduced exposure and fragility,2,Values and priority measures,"This relies n a comprehensive understanding of the hazards and risks to which a city is exposed that informs the development of integrated strategies to physically protect the city combining sound environmental stewardship, robust design and maintenance of man-made infrastructure, and enforcement of appropriate building codes and regulations.",FALSE,FALSE,0,0,0,0,0,0,0,0,0,0,0,0,0,0,0,0,0,0,0,0,FALSE,FALSE,FALSE,FALSE,FALSE,FALSE,FALSE,FALSE,FALSE
Reliable communications and mobility,2,Values and priority measures,"This is enabled by diverse and affordable multi-modal transport systems and information and communication technology (ICT) networks, and contingency planning.",FALSE,FALSE,0,0,0,0,0,0,0,0,0,0,0,0,0,0,0,0,0,0,0,0,FALSE,FALSE,FALSE,FALSE,FALSE,FALSE,FALSE,FALSE,FALSE
Socio-economic equality and equity,2,Values and priority measures,,FALSE,FALSE,0,0,0,0,0,0,0,0,0,0,0,0,0,0,0,0,0,0,0,0,FALSE,FALSE,FALSE,FALSE,FALSE,FALSE,FALSE,FALSE,FALSE
Sustainable economy,2,Values and priority measures,"This is observed in sound management of city finances, diverse revenue streams, and the ability to attract business investment, allocate capital, and build emergency funds.",FALSE,FALSE,0,0,0,0,0,0,0,0,0,0,0,0,0,0,0,0,0,0,0,0,FALSE,FALSE,FALSE,FALSE,FALSE,FALSE,FALSE,FALSE,FALSE
Animal welfare,3,Generalised functions,,FALSE,FALSE,0,0,0,0,0,0,0,0,0,0,0,0,0,0,0,0,0,0,0,0,FALSE,FALSE,FALSE,FALSE,FALSE,FALSE,FALSE,FALSE,FALSE
Biological hazard regulation,3,Generalised functions,This is a branch of natural hazards and primarily involves regulation of diseases and pests.,FALSE,FALSE,0,0,0,0,0,0,0,0,0,0,0,0,0,0,0,0,0,0,0,0,FALSE,FALSE,FALSE,FALSE,FALSE,FALSE,FALSE,FALSE,FALSE
Ceremonies and services for major life events,3,Generalised functions,,FALSE,FALSE,0,0,0,0,0,0,0,0,0,0,0,0,0,0,0,0,0,0,0,0,FALSE,FALSE,FALSE,FALSE,FALSE,FALSE,FALSE,FALSE,FALSE
Clean air,3,Generalised functions,,FALSE,FALSE,0,0,0,0,0,0,0,0,0,0,0,0,0,0,0,0,0,0,0,0,FALSE,FALSE,FALSE,FALSE,FALSE,FALSE,FALSE,FALSE,FALSE
Clean water,3,Generalised functions,,FALSE,FALSE,0,0,0,0,0,0,0,0,0,0,0,0,0,0,0,0,0,0,0,0,FALSE,FALSE,FALSE,FALSE,FALSE,FALSE,FALSE,FALSE,FALSE
Clothing provision,3,Generalised functions,,FALSE,FALSE,0,0,0,0,0,0,0,0,0,0,0,0,0,0,0,0,0,0,0,0,FALSE,FALSE,FALSE,FALSE,FALSE,FALSE,FALSE,FALSE,FALSE
Communication systems,3,Generalised functions,,FALSE,FALSE,0,0,0,0,0,0,0,0,0,0,0,0,0,0,0,0,0,0,0,0,FALSE,FALSE,FALSE,FALSE,FALSE,FALSE,FALSE,FALSE,FALSE
Community activities and engagement,3,Generalised functions,,FALSE,FALSE,0,0,0,0,0,0,0,0,0,0,0,0,0,0,0,0,0,0,0,0,FALSE,FALSE,FALSE,FALSE,FALSE,FALSE,FALSE,FALSE,FALSE
Distribution of goods (logistics),3,Generalised functions,,FALSE,FALSE,0,0,0,0,0,0,0,0,0,0,0,0,0,0,0,0,0,0,0,0,FALSE,FALSE,FALSE,FALSE,FALSE,FALSE,FALSE,FALSE,FALSE
Emergency services,3,Generalised functions,,FALSE,FALSE,0,0,0,0,0,0,0,0,0,0,0,0,0,0,0,0,0,0,0,0,FALSE,FALSE,FALSE,FALSE,FALSE,FALSE,FALSE,FALSE,FALSE
Employment provision,3,Generalised functions,,FALSE,FALSE,0,0,0,0,0,0,0,0,0,0,0,0,0,0,0,0,0,0,0,0,FALSE,FALSE,FALSE,FALSE,FALSE,FALSE,FALSE,FALSE,FALSE
Energy supply,3,Generalised functions,,FALSE,FALSE,0,0,0,0,0,0,0,0,0,0,0,0,0,0,0,0,0,0,0,0,FALSE,FALSE,FALSE,FALSE,FALSE,FALSE,FALSE,FALSE,FALSE
Environmental conservation,3,Generalised functions,,FALSE,FALSE,0,0,0,0,0,0,0,0,0,0,0,0,0,0,0,0,0,0,0,0,FALSE,FALSE,FALSE,FALSE,FALSE,FALSE,FALSE,FALSE,FALSE
Environmental hazard regulation,3,Generalised functions,"This is a branch of natural hazards and primarily involves regulation of hazards that occur naturally in the environment such as floods, hurricanes, earthquakes, droughts. This is about regulation and not response.",FALSE,FALSE,0,0,0,0,0,0,0,0,0,0,0,0,0,0,0,0,0,0,0,0,FALSE,FALSE,FALSE,FALSE,FALSE,FALSE,FALSE,FALSE,FALSE
Financial services,3,Generalised functions,,FALSE,FALSE,0,0,0,0,0,0,0,0,0,0,0,0,0,0,0,0,0,0,0,0,FALSE,FALSE,FALSE,FALSE,FALSE,FALSE,FALSE,FALSE,FALSE
Food provision,3,Generalised functions,,FALSE,FALSE,0,0,0,0,0,0,0,0,0,0,0,0,0,0,0,0,0,0,0,0,FALSE,FALSE,FALSE,FALSE,FALSE,FALSE,FALSE,FALSE,FALSE
Foster social cohesion ,3,Generalised functions,This can be thought of as neighbourliness.,FALSE,FALSE,0,0,0,0,0,0,0,0,0,0,0,0,0,0,0,0,0,0,0,0,FALSE,FALSE,FALSE,FALSE,FALSE,FALSE,FALSE,FALSE,FALSE
Goods and services provision,3,Generalised functions,,FALSE,FALSE,0,0,0,0,0,0,0,0,0,0,0,0,0,0,0,0,0,0,0,0,FALSE,FALSE,FALSE,FALSE,FALSE,FALSE,FALSE,FALSE,FALSE
Governance,3,Generalised functions,,FALSE,FALSE,0,0,0,0,0,0,0,0,0,0,0,0,0,0,0,0,0,0,0,0,FALSE,FALSE,FALSE,FALSE,FALSE,FALSE,FALSE,FALSE,FALSE
Historical and cultural value contribution,3,Generalised functions,,FALSE,FALSE,0,0,0,0,0,0,0,0,0,0,0,0,0,0,0,0,0,0,0,0,FALSE,FALSE,FALSE,FALSE,FALSE,FALSE,FALSE,FALSE,FALSE
Housing provision,3,Generalised functions,,FALSE,FALSE,0,0,0,0,0,0,0,0,0,0,0,0,0,0,0,0,0,0,0,0,FALSE,FALSE,FALSE,FALSE,FALSE,FALSE,FALSE,FALSE,FALSE
Law and order,3,Generalised functions,,FALSE,FALSE,0,0,0,0,0,0,0,0,0,0,0,0,0,0,0,0,0,0,0,0,FALSE,FALSE,FALSE,FALSE,FALSE,FALSE,FALSE,FALSE,FALSE
Learning and education,3,Generalised functions,,FALSE,FALSE,0,0,0,0,0,0,0,0,0,0,0,0,0,0,0,0,0,0,0,0,FALSE,FALSE,FALSE,FALSE,FALSE,FALSE,FALSE,FALSE,FALSE
Observance of religion,3,Generalised functions,,FALSE,FALSE,0,0,0,0,0,0,0,0,0,0,0,0,0,0,0,0,0,0,0,0,FALSE,FALSE,FALSE,FALSE,FALSE,FALSE,FALSE,FALSE,FALSE
Physical security,3,Generalised functions,,FALSE,FALSE,0,0,0,0,0,0,0,0,0,0,0,0,0,0,0,0,0,0,0,0,FALSE,FALSE,FALSE,FALSE,FALSE,FALSE,FALSE,FALSE,FALSE
Planning activities,3,Generalised functions,Strategic planning for a city.,FALSE,FALSE,0,0,0,0,0,0,0,0,0,0,0,0,0,0,0,0,0,0,0,0,FALSE,FALSE,FALSE,FALSE,FALSE,FALSE,FALSE,FALSE,FALSE
Public health,3,Generalised functions,,FALSE,FALSE,0,0,0,0,0,0,0,0,0,0,0,0,0,0,0,0,0,0,0,0,FALSE,FALSE,FALSE,FALSE,FALSE,FALSE,FALSE,FALSE,FALSE
Recreational activities,3,Generalised functions,,FALSE,FALSE,0,0,0,0,0,0,0,0,0,0,0,0,0,0,0,0,0,0,0,0,FALSE,FALSE,FALSE,FALSE,FALSE,FALSE,FALSE,FALSE,FALSE
Road conditions and safety,3,Generalised functions,,FALSE,FALSE,0,0,0,0,0,0,0,0,0,0,0,0,0,0,0,0,0,0,0,0,FALSE,FALSE,FALSE,FALSE,FALSE,FALSE,FALSE,FALSE,FALSE
Sanitation provision,3,Generalised functions,,FALSE,FALSE,0,0,0,0,0,0,0,0,0,0,0,0,0,0,0,0,0,0,0,0,FALSE,FALSE,FALSE,FALSE,FALSE,FALSE,FALSE,FALSE,FALSE
Social interaction,3,Generalised functions,This is about meaningful social interaction.,FALSE,FALSE,0,0,0,0,0,0,0,0,0,0,0,0,0,0,0,0,0,0,0,0,FALSE,FALSE,FALSE,FALSE,FALSE,FALSE,FALSE,FALSE,FALSE
Societal hazard regulation,3,Generalised functions,This is a branch of man-made hazards that primarily involves regulation of hazards due to civil unrest.,FALSE,FALSE,0,0,0,0,0,0,0,0,0,0,0,0,0,0,0,0,0,0,0,0,FALSE,FALSE,FALSE,FALSE,FALSE,FALSE,FALSE,FALSE,FALSE
Technological hazard regulation,3,Generalised functions,This is a branch of man-made hazards that primarily involves regulation of hazards due to cyber crime. ,FALSE,FALSE,0,0,0,0,0,0,0,0,0,0,0,0,0,0,0,0,0,0,0,0,FALSE,FALSE,FALSE,FALSE,FALSE,FALSE,FALSE,FALSE,FALSE
Tourism,3,Generalised functions,,FALSE,FALSE,0,0,0,0,0,0,0,0,0,0,0,0,0,0,0,0,0,0,0,0,FALSE,FALSE,FALSE,FALSE,FALSE,FALSE,FALSE,FALSE,FALSE
"Travel (people, not goods)",3,Generalised functions,,FALSE,FALSE,0,0,0,0,0,0,0,0,0,0,0,0,0,0,0,0,0,0,0,0,FALSE,FALSE,FALSE,FALSE,FALSE,FALSE,FALSE,FALSE,FALSE
Waste management,3,Generalised functions,,FALSE,FALSE,0,0,0,0,0,0,0,0,0,0,0,0,0,0,0,0,0,0,0,0,FALSE,FALSE,FALSE,FALSE,FALSE,FALSE,FALSE,FALSE,FALSE
Accommodates prisoners,4,Object-related processes,,FALSE,FALSE,0,0,0,0,0,0,0,0,0,0,0,0,0,0,0,0,0,0,0,0,FALSE,FALSE,FALSE,FALSE,FALSE,FALSE,FALSE,FALSE,FALSE
Act as access point for electricity,4,Object-related processes,,FALSE,FALSE,0,0,0,0,0,0,0,0,0,0,0,0,0,0,0,0,0,0,0,0,FALSE,FALSE,FALSE,FALSE,FALSE,FALSE,FALSE,FALSE,FALSE
Act as access point for food,4,Object-related processes,,FALSE,FALSE,0,0,0,0,0,0,0,0,0,0,0,0,0,0,0,0,0,0,0,0,FALSE,FALSE,FALSE,FALSE,FALSE,FALSE,FALSE,FALSE,FALSE
Act as access point for gas,4,Object-related processes,,FALSE,FALSE,0,0,0,0,0,0,0,0,0,0,0,0,0,0,0,0,0,0,0,0,FALSE,FALSE,FALSE,FALSE,FALSE,FALSE,FALSE,FALSE,FALSE
Act as access point for goods distribution,4,Object-related processes,,FALSE,FALSE,0,0,0,0,0,0,0,0,0,0,0,0,0,0,0,0,0,0,0,0,FALSE,FALSE,FALSE,FALSE,FALSE,FALSE,FALSE,FALSE,FALSE
Act as access point for petrol or oil,4,Object-related processes,,FALSE,FALSE,0,0,0,0,0,0,0,0,0,0,0,0,0,0,0,0,0,0,0,0,FALSE,FALSE,FALSE,FALSE,FALSE,FALSE,FALSE,FALSE,FALSE
Act as access point for potable water,4,Object-related processes,,FALSE,FALSE,0,0,0,0,0,0,0,0,0,0,0,0,0,0,0,0,0,0,0,0,FALSE,FALSE,FALSE,FALSE,FALSE,FALSE,FALSE,FALSE,FALSE
Act as access point for public transport,4,Object-related processes,,FALSE,FALSE,0,0,0,0,0,0,0,0,0,0,0,0,0,0,0,0,0,0,0,0,FALSE,FALSE,FALSE,FALSE,FALSE,FALSE,FALSE,FALSE,FALSE
Act as access point for sanitation,4,Object-related processes,,FALSE,FALSE,0,0,0,0,0,0,0,0,0,0,0,0,0,0,0,0,0,0,0,0,FALSE,FALSE,FALSE,FALSE,FALSE,FALSE,FALSE,FALSE,FALSE
Act as access point for telecommunication,4,Object-related processes,"Can be any PO that has access, e.g. schools, nursery, hospitals, police stations where a telephone can be provided to the public.",FALSE,FALSE,0,0,0,0,0,0,0,0,0,0,0,0,0,0,0,0,0,0,0,0,FALSE,FALSE,FALSE,FALSE,FALSE,FALSE,FALSE,FALSE,FALSE
Act as access point for traffic information,4,Object-related processes,,FALSE,FALSE,0,0,0,0,0,0,0,0,0,0,0,0,0,0,0,0,0,0,0,0,FALSE,FALSE,FALSE,FALSE,FALSE,FALSE,FALSE,FALSE,FALSE
Act as access point for waste and recycling,4,Object-related processes,,FALSE,FALSE,0,0,0,0,0,0,0,0,0,0,0,0,0,0,0,0,0,0,0,0,FALSE,FALSE,FALSE,FALSE,FALSE,FALSE,FALSE,FALSE,FALSE
Act as access point to cash,4,Object-related processes,,FALSE,FALSE,0,0,0,0,0,0,0,0,0,0,0,0,0,0,0,0,0,0,0,0,FALSE,FALSE,FALSE,FALSE,FALSE,FALSE,FALSE,FALSE,FALSE
Act as community meeting space,4,Object-related processes,An agenda free space in the local community; also includes private buildings which would advertise space to rent for specific events.,FALSE,FALSE,0,0,0,0,0,0,0,0,0,0,0,0,0,0,0,0,0,0,0,0,FALSE,FALSE,FALSE,FALSE,FALSE,FALSE,FALSE,FALSE,FALSE
Act as grid point for electricity,4,Object-related processes,"Intermediate stage in electrical infrastructure network, for storing and routing.",FALSE,FALSE,0,0,0,0,0,0,0,0,0,0,0,0,0,0,0,0,0,0,0,0,FALSE,FALSE,FALSE,FALSE,FALSE,FALSE,FALSE,FALSE,FALSE
Act as grid point for gas,4,Object-related processes,"Intermediate stage in gas infrastructure network, for storing and routing.",FALSE,FALSE,0,0,0,0,0,0,0,0,0,0,0,0,0,0,0,0,0,0,0,0,FALSE,FALSE,FALSE,FALSE,FALSE,FALSE,FALSE,FALSE,FALSE
Act as grid point for telecommunications,4,Object-related processes,"Intermediate stage in telecommunications infrastructure network, for storing and routing.",FALSE,FALSE,0,0,0,0,0,0,0,0,0,0,0,0,0,0,0,0,0,0,0,0,FALSE,FALSE,FALSE,FALSE,FALSE,FALSE,FALSE,FALSE,FALSE
Act as grid point for wastewater,4,Object-related processes,"Intermediate stage in wastewater/sewerage infrastructure network, for storing and routing.",FALSE,FALSE,0,0,0,0,0,0,0,0,0,0,0,0,0,0,0,0,0,0,0,0,FALSE,FALSE,FALSE,FALSE,FALSE,FALSE,FALSE,FALSE,FALSE
Act as grid point for water,4,Object-related processes,"Intermediate stage in water infrastructure network, for storing and routing.",FALSE,FALSE,0,0,0,0,0,0,0,0,0,0,0,0,0,0,0,0,0,0,0,0,FALSE,FALSE,FALSE,FALSE,FALSE,FALSE,FALSE,FALSE,FALSE
Act as mode of transport,4,Object-related processes,,FALSE,FALSE,0,0,0,0,0,0,0,0,0,0,0,0,0,0,0,0,0,0,0,0,FALSE,FALSE,FALSE,FALSE,FALSE,FALSE,FALSE,FALSE,FALSE
Act as place of historical or cultural importance,4,Object-related processes,Cultural refers to place-making. Does not include sport facilities.,FALSE,FALSE,0,0,0,0,0,0,0,0,0,0,0,0,0,0,0,0,0,0,0,0,FALSE,FALSE,FALSE,FALSE,FALSE,FALSE,FALSE,FALSE,FALSE
Act as point of contact for public to raise social and civic issues,4,Object-related processes,,FALSE,FALSE,0,0,0,0,0,0,0,0,0,0,0,0,0,0,0,0,0,0,0,0,FALSE,FALSE,FALSE,FALSE,FALSE,FALSE,FALSE,FALSE,FALSE
Act as training grounds for armed forces exercise,4,Object-related processes,,FALSE,FALSE,0,0,0,0,0,0,0,0,0,0,0,0,0,0,0,0,0,0,0,0,FALSE,FALSE,FALSE,FALSE,FALSE,FALSE,FALSE,FALSE,FALSE
Act as transport hub,4,Object-related processes,,FALSE,FALSE,0,0,0,0,0,0,0,0,0,0,0,0,0,0,0,0,0,0,0,0,FALSE,FALSE,FALSE,FALSE,FALSE,FALSE,FALSE,FALSE,FALSE
Administrate armed forces operations,4,Object-related processes,,FALSE,FALSE,0,0,0,0,0,0,0,0,0,0,0,0,0,0,0,0,0,0,0,0,FALSE,FALSE,FALSE,FALSE,FALSE,FALSE,FALSE,FALSE,FALSE
Administrate banking operations,4,Object-related processes,,FALSE,FALSE,0,0,0,0,0,0,0,0,0,0,0,0,0,0,0,0,0,0,0,0,FALSE,FALSE,FALSE,FALSE,FALSE,FALSE,FALSE,FALSE,FALSE
Administrate benefits,4,Object-related processes,,FALSE,FALSE,0,0,0,0,0,0,0,0,0,0,0,0,0,0,0,0,0,0,0,0,FALSE,FALSE,FALSE,FALSE,FALSE,FALSE,FALSE,FALSE,FALSE
Administrate community grants,4,Object-related processes,,FALSE,FALSE,0,0,0,0,0,0,0,0,0,0,0,0,0,0,0,0,0,0,0,0,FALSE,FALSE,FALSE,FALSE,FALSE,FALSE,FALSE,FALSE,FALSE
Administrate diplomacy,4,Object-related processes,,FALSE,FALSE,0,0,0,0,0,0,0,0,0,0,0,0,0,0,0,0,0,0,0,0,FALSE,FALSE,FALSE,FALSE,FALSE,FALSE,FALSE,FALSE,FALSE
Administrate educational facilities,4,Object-related processes,,FALSE,FALSE,0,0,0,0,0,0,0,0,0,0,0,0,0,0,0,0,0,0,0,0,FALSE,FALSE,FALSE,FALSE,FALSE,FALSE,FALSE,FALSE,FALSE
Administrate emergency services,4,Object-related processes,,FALSE,FALSE,0,0,0,0,0,0,0,0,0,0,0,0,0,0,0,0,0,0,0,0,FALSE,FALSE,FALSE,FALSE,FALSE,FALSE,FALSE,FALSE,FALSE
Administrate healthcare services,4,Object-related processes,,FALSE,FALSE,0,0,0,0,0,0,0,0,0,0,0,0,0,0,0,0,0,0,0,0,FALSE,FALSE,FALSE,FALSE,FALSE,FALSE,FALSE,FALSE,FALSE
Administrate large-scale transport of goods or people,4,Object-related processes,,FALSE,FALSE,0,0,0,0,0,0,0,0,0,0,0,0,0,0,0,0,0,0,0,0,FALSE,FALSE,FALSE,FALSE,FALSE,FALSE,FALSE,FALSE,FALSE
Administrate political campaigns,4,Object-related processes,,FALSE,FALSE,0,0,0,0,0,0,0,0,0,0,0,0,0,0,0,0,0,0,0,0,FALSE,FALSE,FALSE,FALSE,FALSE,FALSE,FALSE,FALSE,FALSE
Administrate political duties,4,Object-related processes,,FALSE,FALSE,0,0,0,0,0,0,0,0,0,0,0,0,0,0,0,0,0,0,0,0,FALSE,FALSE,FALSE,FALSE,FALSE,FALSE,FALSE,FALSE,FALSE
Administrate provision of electricity,4,Object-related processes,,FALSE,FALSE,0,0,0,0,0,0,0,0,0,0,0,0,0,0,0,0,0,0,0,0,FALSE,FALSE,FALSE,FALSE,FALSE,FALSE,FALSE,FALSE,FALSE
Administrate provision of gas,4,Object-related processes,,FALSE,FALSE,0,0,0,0,0,0,0,0,0,0,0,0,0,0,0,0,0,0,0,0,FALSE,FALSE,FALSE,FALSE,FALSE,FALSE,FALSE,FALSE,FALSE
Administrate provision of potable water,4,Object-related processes,,FALSE,FALSE,0,0,0,0,0,0,0,0,0,0,0,0,0,0,0,0,0,0,0,0,FALSE,FALSE,FALSE,FALSE,FALSE,FALSE,FALSE,FALSE,FALSE
Administrate provision of telecommunications,4,Object-related processes,,FALSE,FALSE,0,0,0,0,0,0,0,0,0,0,0,0,0,0,0,0,0,0,0,0,FALSE,FALSE,FALSE,FALSE,FALSE,FALSE,FALSE,FALSE,FALSE
Administrate provision of temporary accommodation,4,Object-related processes,,FALSE,FALSE,0,0,0,0,0,0,0,0,0,0,0,0,0,0,0,0,0,0,0,0,FALSE,FALSE,FALSE,FALSE,FALSE,FALSE,FALSE,FALSE,FALSE
Administrate provision of traffic information,4,Object-related processes,,FALSE,FALSE,0,0,0,0,0,0,0,0,0,0,0,0,0,0,0,0,0,0,0,0,FALSE,FALSE,FALSE,FALSE,FALSE,FALSE,FALSE,FALSE,FALSE
Administrate provision of wastewater services,4,Object-related processes,,FALSE,FALSE,0,0,0,0,0,0,0,0,0,0,0,0,0,0,0,0,0,0,0,0,FALSE,FALSE,FALSE,FALSE,FALSE,FALSE,FALSE,FALSE,FALSE
Administrate retail activity,4,Object-related processes,,FALSE,FALSE,0,0,0,0,0,0,0,0,0,0,0,0,0,0,0,0,0,0,0,0,FALSE,FALSE,FALSE,FALSE,FALSE,FALSE,FALSE,FALSE,FALSE
Administrate taxes,4,Object-related processes,,FALSE,FALSE,0,0,0,0,0,0,0,0,0,0,0,0,0,0,0,0,0,0,0,0,FALSE,FALSE,FALSE,FALSE,FALSE,FALSE,FALSE,FALSE,FALSE
Administrate transport to healthcare services,4,Object-related processes,,FALSE,FALSE,0,0,0,0,0,0,0,0,0,0,0,0,0,0,0,0,0,0,0,0,FALSE,FALSE,FALSE,FALSE,FALSE,FALSE,FALSE,FALSE,FALSE
Administrate waste and recycling,4,Object-related processes,,FALSE,FALSE,0,0,0,0,0,0,0,0,0,0,0,0,0,0,0,0,0,0,0,0,FALSE,FALSE,FALSE,FALSE,FALSE,FALSE,FALSE,FALSE,FALSE
Advise carers,4,Object-related processes,,FALSE,FALSE,0,0,0,0,0,0,0,0,0,0,0,0,0,0,0,0,0,0,0,0,FALSE,FALSE,FALSE,FALSE,FALSE,FALSE,FALSE,FALSE,FALSE
Advise on community activities,4,Object-related processes,,FALSE,FALSE,0,0,0,0,0,0,0,0,0,0,0,0,0,0,0,0,0,0,0,0,FALSE,FALSE,FALSE,FALSE,FALSE,FALSE,FALSE,FALSE,FALSE
Advise on employment issues,4,Object-related processes,,FALSE,FALSE,0,0,0,0,0,0,0,0,0,0,0,0,0,0,0,0,0,0,0,0,FALSE,FALSE,FALSE,FALSE,FALSE,FALSE,FALSE,FALSE,FALSE
Advise or set government policy,4,Object-related processes,,FALSE,FALSE,0,0,0,0,0,0,0,0,0,0,0,0,0,0,0,0,0,0,0,0,FALSE,FALSE,FALSE,FALSE,FALSE,FALSE,FALSE,FALSE,FALSE
Allow road crossing,4,Object-related processes,,FALSE,FALSE,0,0,0,0,0,0,0,0,0,0,0,0,0,0,0,0,0,0,0,0,FALSE,FALSE,FALSE,FALSE,FALSE,FALSE,FALSE,FALSE,FALSE
Animal rescue,4,Object-related processes,,FALSE,FALSE,0,0,0,0,0,0,0,0,0,0,0,0,0,0,0,0,0,0,0,0,FALSE,FALSE,FALSE,FALSE,FALSE,FALSE,FALSE,FALSE,FALSE
Calms traffic,4,Object-related processes,,FALSE,FALSE,0,0,0,0,0,0,0,0,0,0,0,0,0,0,0,0,0,0,0,0,FALSE,FALSE,FALSE,FALSE,FALSE,FALSE,FALSE,FALSE,FALSE
Charges electric vehicles,4,Object-related processes,,FALSE,FALSE,0,0,0,0,0,0,0,0,0,0,0,0,0,0,0,0,0,0,0,0,FALSE,FALSE,FALSE,FALSE,FALSE,FALSE,FALSE,FALSE,FALSE
Connect buildings to services,4,Object-related processes,,FALSE,FALSE,0,0,0,0,0,0,0,0,0,0,0,0,0,0,0,0,0,0,0,0,FALSE,FALSE,FALSE,FALSE,FALSE,FALSE,FALSE,FALSE,FALSE
Construct buildings,4,Object-related processes,,FALSE,FALSE,0,0,0,0,0,0,0,0,0,0,0,0,0,0,0,0,0,0,0,0,FALSE,FALSE,FALSE,FALSE,FALSE,FALSE,FALSE,FALSE,FALSE
Coordinate construction work,4,Object-related processes,,FALSE,FALSE,0,0,0,0,0,0,0,0,0,0,0,0,0,0,0,0,0,0,0,0,FALSE,FALSE,FALSE,FALSE,FALSE,FALSE,FALSE,FALSE,FALSE
Criminal investigation,4,Object-related processes,,FALSE,FALSE,0,0,0,0,0,0,0,0,0,0,0,0,0,0,0,0,0,0,0,0,FALSE,FALSE,FALSE,FALSE,FALSE,FALSE,FALSE,FALSE,FALSE
Design buildings and urban spaces,4,Object-related processes,,FALSE,FALSE,0,0,0,0,0,0,0,0,0,0,0,0,0,0,0,0,0,0,0,0,FALSE,FALSE,FALSE,FALSE,FALSE,FALSE,FALSE,FALSE,FALSE
Direct traffic,4,Object-related processes,,FALSE,FALSE,0,0,0,0,0,0,0,0,0,0,0,0,0,0,0,0,0,0,0,0,FALSE,FALSE,FALSE,FALSE,FALSE,FALSE,FALSE,FALSE,FALSE
Dispense medicines,4,Object-related processes,,FALSE,FALSE,0,0,0,0,0,0,0,0,0,0,0,0,0,0,0,0,0,0,0,0,FALSE,FALSE,FALSE,FALSE,FALSE,FALSE,FALSE,FALSE,FALSE
Display items of significance,4,Object-related processes,"artistic, cultural, historical or scientific significance",FALSE,FALSE,0,0,0,0,0,0,0,0,0,0,0,0,0,0,0,0,0,0,0,0,FALSE,FALSE,FALSE,FALSE,FALSE,FALSE,FALSE,FALSE,FALSE
Dispose waste and recycling,4,Object-related processes,,FALSE,FALSE,0,0,0,0,0,0,0,0,0,0,0,0,0,0,0,0,0,0,0,0,FALSE,FALSE,FALSE,FALSE,FALSE,FALSE,FALSE,FALSE,FALSE
Enforce building standards,4,Object-related processes,,FALSE,FALSE,0,0,0,0,0,0,0,0,0,0,0,0,0,0,0,0,0,0,0,0,FALSE,FALSE,FALSE,FALSE,FALSE,FALSE,FALSE,FALSE,FALSE
Enforce environmental standards,4,Object-related processes,,FALSE,FALSE,0,0,0,0,0,0,0,0,0,0,0,0,0,0,0,0,0,0,0,0,FALSE,FALSE,FALSE,FALSE,FALSE,FALSE,FALSE,FALSE,FALSE
Enforce food standards,4,Object-related processes,"Cleanliness, food labelling, food hygiene etc.",FALSE,FALSE,0,0,0,0,0,0,0,0,0,0,0,0,0,0,0,0,0,0,0,0,FALSE,FALSE,FALSE,FALSE,FALSE,FALSE,FALSE,FALSE,FALSE
Facilitate creative expression,4,Object-related processes,,FALSE,FALSE,0,0,0,0,0,0,0,0,0,0,0,0,0,0,0,0,0,0,0,0,FALSE,FALSE,FALSE,FALSE,FALSE,FALSE,FALSE,FALSE,FALSE
Facilitate cultural events,4,Object-related processes,,FALSE,FALSE,0,0,0,0,0,0,0,0,0,0,0,0,0,0,0,0,0,0,0,0,FALSE,FALSE,FALSE,FALSE,FALSE,FALSE,FALSE,FALSE,FALSE
Facilitate leisure or recreation,4,Object-related processes,,FALSE,FALSE,0,0,0,0,0,0,0,0,0,0,0,0,0,0,0,0,0,0,0,0,FALSE,FALSE,FALSE,FALSE,FALSE,FALSE,FALSE,FALSE,FALSE
Facilitate registrar services,4,Object-related processes,,FALSE,FALSE,0,0,0,0,0,0,0,0,0,0,0,0,0,0,0,0,0,0,0,0,FALSE,FALSE,FALSE,FALSE,FALSE,FALSE,FALSE,FALSE,FALSE
Generate electricity,4,Object-related processes,,FALSE,FALSE,0,0,0,0,0,0,0,0,0,0,0,0,0,0,0,0,0,0,0,0,FALSE,FALSE,FALSE,FALSE,FALSE,FALSE,FALSE,FALSE,FALSE
Generate traffic information,4,Object-related processes,,FALSE,FALSE,0,0,0,0,0,0,0,0,0,0,0,0,0,0,0,0,0,0,0,0,FALSE,FALSE,FALSE,FALSE,FALSE,FALSE,FALSE,FALSE,FALSE
Grow food,4,Object-related processes,,FALSE,FALSE,0,0,0,0,0,0,0,0,0,0,0,0,0,0,0,0,0,0,0,0,FALSE,FALSE,FALSE,FALSE,FALSE,FALSE,FALSE,FALSE,FALSE
Houses animals,4,Object-related processes,,FALSE,FALSE,0,0,0,0,0,0,0,0,0,0,0,0,0,0,0,0,0,0,0,0,FALSE,FALSE,FALSE,FALSE,FALSE,FALSE,FALSE,FALSE,FALSE
Maintain clothing,4,Object-related processes,,FALSE,FALSE,0,0,0,0,0,0,0,0,0,0,0,0,0,0,0,0,0,0,0,0,FALSE,FALSE,FALSE,FALSE,FALSE,FALSE,FALSE,FALSE,FALSE
Maintain private indoor and public outdoor spaces,4,Object-related processes,,FALSE,FALSE,0,0,0,0,0,0,0,0,0,0,0,0,0,0,0,0,0,0,0,0,FALSE,FALSE,FALSE,FALSE,FALSE,FALSE,FALSE,FALSE,FALSE
Maintain roads,4,Object-related processes,,FALSE,FALSE,0,0,0,0,0,0,0,0,0,0,0,0,0,0,0,0,0,0,0,0,FALSE,FALSE,FALSE,FALSE,FALSE,FALSE,FALSE,FALSE,FALSE
Maintain vehicles,4,Object-related processes,,FALSE,FALSE,0,0,0,0,0,0,0,0,0,0,0,0,0,0,0,0,0,0,0,0,FALSE,FALSE,FALSE,FALSE,FALSE,FALSE,FALSE,FALSE,FALSE
Maintain watercourses,4,Object-related processes,Includes cleaning and clearing of debris. ,FALSE,FALSE,0,0,0,0,0,0,0,0,0,0,0,0,0,0,0,0,0,0,0,0,FALSE,FALSE,FALSE,FALSE,FALSE,FALSE,FALSE,FALSE,FALSE
Manage pests,4,Object-related processes,,FALSE,FALSE,0,0,0,0,0,0,0,0,0,0,0,0,0,0,0,0,0,0,0,0,FALSE,FALSE,FALSE,FALSE,FALSE,FALSE,FALSE,FALSE,FALSE
Manage property,4,Object-related processes,Specific to letting.,FALSE,FALSE,0,0,0,0,0,0,0,0,0,0,0,0,0,0,0,0,0,0,0,0,FALSE,FALSE,FALSE,FALSE,FALSE,FALSE,FALSE,FALSE,FALSE
Manufacture consumer discretionary,4,Object-related processes,,FALSE,FALSE,0,0,0,0,0,0,0,0,0,0,0,0,0,0,0,0,0,0,0,0,FALSE,FALSE,FALSE,FALSE,FALSE,FALSE,FALSE,FALSE,FALSE
Manufacture consumer staples,4,Object-related processes,,FALSE,FALSE,0,0,0,0,0,0,0,0,0,0,0,0,0,0,0,0,0,0,0,0,FALSE,FALSE,FALSE,FALSE,FALSE,FALSE,FALSE,FALSE,FALSE
Manufacture gas and oil equipment and supplies,4,Object-related processes,,FALSE,FALSE,0,0,0,0,0,0,0,0,0,0,0,0,0,0,0,0,0,0,0,0,FALSE,FALSE,FALSE,FALSE,FALSE,FALSE,FALSE,FALSE,FALSE
Manufacture healthcare equipment and supplies,4,Object-related processes,,FALSE,FALSE,0,0,0,0,0,0,0,0,0,0,0,0,0,0,0,0,0,0,0,0,FALSE,FALSE,FALSE,FALSE,FALSE,FALSE,FALSE,FALSE,FALSE
Manufacture industrial equipment and supplies,4,Object-related processes,,FALSE,FALSE,0,0,0,0,0,0,0,0,0,0,0,0,0,0,0,0,0,0,0,0,FALSE,FALSE,FALSE,FALSE,FALSE,FALSE,FALSE,FALSE,FALSE
Manufacture materials,4,Object-related processes,,FALSE,FALSE,0,0,0,0,0,0,0,0,0,0,0,0,0,0,0,0,0,0,0,0,FALSE,FALSE,FALSE,FALSE,FALSE,FALSE,FALSE,FALSE,FALSE
Manufacture telecommunication equipment and supplies,4,Object-related processes,,FALSE,FALSE,0,0,0,0,0,0,0,0,0,0,0,0,0,0,0,0,0,0,0,0,FALSE,FALSE,FALSE,FALSE,FALSE,FALSE,FALSE,FALSE,FALSE
Monitor environment,4,Object-related processes,,FALSE,FALSE,0,0,0,0,0,0,0,0,0,0,0,0,0,0,0,0,0,0,0,0,FALSE,FALSE,FALSE,FALSE,FALSE,FALSE,FALSE,FALSE,FALSE
Monitor neighbourhood,4,Object-related processes,,FALSE,FALSE,0,0,0,0,0,0,0,0,0,0,0,0,0,0,0,0,0,0,0,0,FALSE,FALSE,FALSE,FALSE,FALSE,FALSE,FALSE,FALSE,FALSE
Process waste and recycling,4,Object-related processes,,FALSE,FALSE,0,0,0,0,0,0,0,0,0,0,0,0,0,0,0,0,0,0,0,0,FALSE,FALSE,FALSE,FALSE,FALSE,FALSE,FALSE,FALSE,FALSE
Provide a psychological sense of home,4,Object-related processes,This is on an individual scale to a household.,FALSE,FALSE,0,0,0,0,0,0,0,0,0,0,0,0,0,0,0,0,0,0,0,0,FALSE,FALSE,FALSE,FALSE,FALSE,FALSE,FALSE,FALSE,FALSE
Provide access to planning resources and services,4,Object-related processes,,FALSE,FALSE,0,0,0,0,0,0,0,0,0,0,0,0,0,0,0,0,0,0,0,0,FALSE,FALSE,FALSE,FALSE,FALSE,FALSE,FALSE,FALSE,FALSE
Provide aesthetic value,4,Object-related processes,"Greenspace, place-making, or contributes to sense of pride of place.",FALSE,FALSE,0,0,0,0,0,0,0,0,0,0,0,0,0,0,0,0,0,0,0,0,FALSE,FALSE,FALSE,FALSE,FALSE,FALSE,FALSE,FALSE,FALSE
Provide alternative healthcare services,4,Object-related processes,,FALSE,FALSE,0,0,0,0,0,0,0,0,0,0,0,0,0,0,0,0,0,0,0,0,FALSE,FALSE,FALSE,FALSE,FALSE,FALSE,FALSE,FALSE,FALSE
Provide animal healthcare,4,Object-related processes,,FALSE,FALSE,0,0,0,0,0,0,0,0,0,0,0,0,0,0,0,0,0,0,0,0,FALSE,FALSE,FALSE,FALSE,FALSE,FALSE,FALSE,FALSE,FALSE
Provide assisted living,4,Object-related processes,,FALSE,FALSE,0,0,0,0,0,0,0,0,0,0,0,0,0,0,0,0,0,0,0,0,FALSE,FALSE,FALSE,FALSE,FALSE,FALSE,FALSE,FALSE,FALSE
Provide barrier to movement,4,Object-related processes,,FALSE,FALSE,0,0,0,0,0,0,0,0,0,0,0,0,0,0,0,0,0,0,0,0,FALSE,FALSE,FALSE,FALSE,FALSE,FALSE,FALSE,FALSE,FALSE
Provide covered passageway,4,Object-related processes,,FALSE,FALSE,0,0,0,0,0,0,0,0,0,0,0,0,0,0,0,0,0,0,0,0,FALSE,FALSE,FALSE,FALSE,FALSE,FALSE,FALSE,FALSE,FALSE
Provide death-care services,4,Object-related processes,,FALSE,FALSE,0,0,0,0,0,0,0,0,0,0,0,0,0,0,0,0,0,0,0,0,FALSE,FALSE,FALSE,FALSE,FALSE,FALSE,FALSE,FALSE,FALSE
Provide dental healthcare services,4,Object-related processes,,FALSE,FALSE,0,0,0,0,0,0,0,0,0,0,0,0,0,0,0,0,0,0,0,0,FALSE,FALSE,FALSE,FALSE,FALSE,FALSE,FALSE,FALSE,FALSE
Provide discretionary goods,4,Object-related processes,Consumer discretionary is goods and services that are considered non-essential but desirable if income is sufficient.,FALSE,FALSE,0,0,0,0,0,0,0,0,0,0,0,0,0,0,0,0,0,0,0,0,FALSE,FALSE,FALSE,FALSE,FALSE,FALSE,FALSE,FALSE,FALSE
Provide drainage,4,Object-related processes,,FALSE,FALSE,0,0,0,0,0,0,0,0,0,0,0,0,0,0,0,0,0,0,0,0,FALSE,FALSE,FALSE,FALSE,FALSE,FALSE,FALSE,FALSE,FALSE
Provide education services,4,Object-related processes,"Those that follow a general education curriculum. Applies to primary, secondary, and further education sites.",FALSE,FALSE,0,0,0,0,0,0,0,0,0,0,0,0,0,0,0,0,0,0,0,0,FALSE,FALSE,FALSE,FALSE,FALSE,FALSE,FALSE,FALSE,FALSE
Provide employment,4,Object-related processes,This is generally linked to all non-residential and non-infrastructure buildings.,FALSE,FALSE,0,0,0,0,0,0,0,0,0,0,0,0,0,0,0,0,0,0,0,0,FALSE,FALSE,FALSE,FALSE,FALSE,FALSE,FALSE,FALSE,FALSE
Provide financial services,4,Object-related processes,,FALSE,FALSE,0,0,0,0,0,0,0,0,0,0,0,0,0,0,0,0,0,0,0,0,FALSE,FALSE,FALSE,FALSE,FALSE,FALSE,FALSE,FALSE,FALSE
Provide flood barrier,4,Object-related processes,,FALSE,FALSE,0,0,0,0,0,0,0,0,0,0,0,0,0,0,0,0,0,0,0,0,FALSE,FALSE,FALSE,FALSE,FALSE,FALSE,FALSE,FALSE,FALSE
Provide general healthcare services,4,Object-related processes,,FALSE,FALSE,0,0,0,0,0,0,0,0,0,0,0,0,0,0,0,0,0,0,0,0,FALSE,FALSE,FALSE,FALSE,FALSE,FALSE,FALSE,FALSE,FALSE
Provide insurance,4,Object-related processes,This is about risk management (check if connected to gov to see if it is private). Insurance companies provide the service on your behalf.                                                                                                                                                       ,FALSE,FALSE,0,0,0,0,0,0,0,0,0,0,0,0,0,0,0,0,0,0,0,0,FALSE,FALSE,FALSE,FALSE,FALSE,FALSE,FALSE,FALSE,FALSE
Provide interior trades,4,Object-related processes,"Includes painting and decorating, fitting windows, wooden work etc.",FALSE,FALSE,0,0,0,0,0,0,0,0,0,0,0,0,0,0,0,0,0,0,0,0,FALSE,FALSE,FALSE,FALSE,FALSE,FALSE,FALSE,FALSE,FALSE
Provide IT services,4,Object-related processes,,FALSE,FALSE,0,0,0,0,0,0,0,0,0,0,0,0,0,0,0,0,0,0,0,0,FALSE,FALSE,FALSE,FALSE,FALSE,FALSE,FALSE,FALSE,FALSE
Provide legal advice,4,Object-related processes,,FALSE,FALSE,0,0,0,0,0,0,0,0,0,0,0,0,0,0,0,0,0,0,0,0,FALSE,FALSE,FALSE,FALSE,FALSE,FALSE,FALSE,FALSE,FALSE
Provide marketing and media services,4,Object-related processes,,FALSE,FALSE,0,0,0,0,0,0,0,0,0,0,0,0,0,0,0,0,0,0,0,0,FALSE,FALSE,FALSE,FALSE,FALSE,FALSE,FALSE,FALSE,FALSE
Provide mental healthcare services,4,Object-related processes,,FALSE,FALSE,0,0,0,0,0,0,0,0,0,0,0,0,0,0,0,0,0,0,0,0,FALSE,FALSE,FALSE,FALSE,FALSE,FALSE,FALSE,FALSE,FALSE
Provide older childcare,4,Object-related processes,,FALSE,FALSE,0,0,0,0,0,0,0,0,0,0,0,0,0,0,0,0,0,0,0,0,FALSE,FALSE,FALSE,FALSE,FALSE,FALSE,FALSE,FALSE,FALSE
Provide optical healthcare services,4,Object-related processes,,FALSE,FALSE,0,0,0,0,0,0,0,0,0,0,0,0,0,0,0,0,0,0,0,0,FALSE,FALSE,FALSE,FALSE,FALSE,FALSE,FALSE,FALSE,FALSE
Provide other discretionary services,4,Object-related processes,,FALSE,FALSE,0,0,0,0,0,0,0,0,0,0,0,0,0,0,0,0,0,0,0,0,FALSE,FALSE,FALSE,FALSE,FALSE,FALSE,FALSE,FALSE,FALSE
Provide physiotherapy services,4,Object-related processes,,FALSE,FALSE,0,0,0,0,0,0,0,0,0,0,0,0,0,0,0,0,0,0,0,0,FALSE,FALSE,FALSE,FALSE,FALSE,FALSE,FALSE,FALSE,FALSE
Provide place of worship,4,Object-related processes,,FALSE,FALSE,0,0,0,0,0,0,0,0,0,0,0,0,0,0,0,0,0,0,0,0,FALSE,FALSE,FALSE,FALSE,FALSE,FALSE,FALSE,FALSE,FALSE
Provide public communications service,4,Object-related processes,,FALSE,FALSE,0,0,0,0,0,0,0,0,0,0,0,0,0,0,0,0,0,0,0,0,FALSE,FALSE,FALSE,FALSE,FALSE,FALSE,FALSE,FALSE,FALSE
Provide qualification services,4,Object-related processes,"For example, DVLA, MSc, BSc, HND/HNC, NQs, Highers, English as 2nd language.",FALSE,FALSE,0,0,0,0,0,0,0,0,0,0,0,0,0,0,0,0,0,0,0,0,FALSE,FALSE,FALSE,FALSE,FALSE,FALSE,FALSE,FALSE,FALSE
Provide recreational learning,4,Object-related processes,,FALSE,FALSE,0,0,0,0,0,0,0,0,0,0,0,0,0,0,0,0,0,0,0,0,FALSE,FALSE,FALSE,FALSE,FALSE,FALSE,FALSE,FALSE,FALSE
Provide rehabilitation services,4,Object-related processes,,FALSE,FALSE,0,0,0,0,0,0,0,0,0,0,0,0,0,0,0,0,0,0,0,0,FALSE,FALSE,FALSE,FALSE,FALSE,FALSE,FALSE,FALSE,FALSE
Provide removal and storage services,4,Object-related processes,,FALSE,FALSE,0,0,0,0,0,0,0,0,0,0,0,0,0,0,0,0,0,0,0,0,FALSE,FALSE,FALSE,FALSE,FALSE,FALSE,FALSE,FALSE,FALSE
Provide retributive justice and criminal deterrence,4,Object-related processes,,FALSE,FALSE,0,0,0,0,0,0,0,0,0,0,0,0,0,0,0,0,0,0,0,0,FALSE,FALSE,FALSE,FALSE,FALSE,FALSE,FALSE,FALSE,FALSE
Provide sexual healthcare services,4,Object-related processes,,FALSE,FALSE,0,0,0,0,0,0,0,0,0,0,0,0,0,0,0,0,0,0,0,0,FALSE,FALSE,FALSE,FALSE,FALSE,FALSE,FALSE,FALSE,FALSE
Provide social support,4,Object-related processes,Any support organisation that provides help for vulnerable people.,FALSE,FALSE,0,0,0,0,0,0,0,0,0,0,0,0,0,0,0,0,0,0,0,0,FALSE,FALSE,FALSE,FALSE,FALSE,FALSE,FALSE,FALSE,FALSE
Provide staple goods,4,Object-related processes,"Consumer staples are goods and services that are considered essential, but also includes alcohol and tobacoo as demand remains staple regrdless of price.",FALSE,FALSE,0,0,0,0,0,0,0,0,0,0,0,0,0,0,0,0,0,0,0,0,FALSE,FALSE,FALSE,FALSE,FALSE,FALSE,FALSE,FALSE,FALSE
Provide street care and cleaning,4,Object-related processes,,FALSE,FALSE,0,0,0,0,0,0,0,0,0,0,0,0,0,0,0,0,0,0,0,0,FALSE,FALSE,FALSE,FALSE,FALSE,FALSE,FALSE,FALSE,FALSE
Provide street lighting,4,Object-related processes,,FALSE,FALSE,0,0,0,0,0,0,0,0,0,0,0,0,0,0,0,0,0,0,0,0,FALSE,FALSE,FALSE,FALSE,FALSE,FALSE,FALSE,FALSE,FALSE
Provide supported learning,4,Object-related processes,,FALSE,FALSE,0,0,0,0,0,0,0,0,0,0,0,0,0,0,0,0,0,0,0,0,FALSE,FALSE,FALSE,FALSE,FALSE,FALSE,FALSE,FALSE,FALSE
Provide temporary shelter,4,Object-related processes,from weather/events,FALSE,FALSE,0,0,0,0,0,0,0,0,0,0,0,0,0,0,0,0,0,0,0,0,FALSE,FALSE,FALSE,FALSE,FALSE,FALSE,FALSE,FALSE,FALSE
Provide working environment,4,Object-related processes,"This can be linked to both buildings and vehciles such as buses, trains, taxis etc. This is the main difference between working environment and providing employment.",FALSE,FALSE,0,0,0,0,0,0,0,0,0,0,0,0,0,0,0,0,0,0,0,0,FALSE,FALSE,FALSE,FALSE,FALSE,FALSE,FALSE,FALSE,FALSE
Provide younger childcare,4,Object-related processes,,FALSE,FALSE,0,0,0,0,0,0,0,0,0,0,0,0,0,0,0,0,0,0,0,0,FALSE,FALSE,FALSE,FALSE,FALSE,FALSE,FALSE,FALSE,FALSE
Rent vehicles,4,Object-related processes,,FALSE,FALSE,0,0,0,0,0,0,0,0,0,0,0,0,0,0,0,0,0,0,0,0,FALSE,FALSE,FALSE,FALSE,FALSE,FALSE,FALSE,FALSE,FALSE
Respond to emergencies,4,Object-related processes,,FALSE,FALSE,0,0,0,0,0,0,0,0,0,0,0,0,0,0,0,0,0,0,0,0,FALSE,FALSE,FALSE,FALSE,FALSE,FALSE,FALSE,FALSE,FALSE
Screens media,4,Object-related processes,,FALSE,FALSE,0,0,0,0,0,0,0,0,0,0,0,0,0,0,0,0,0,0,0,0,FALSE,FALSE,FALSE,FALSE,FALSE,FALSE,FALSE,FALSE,FALSE
Secure place to keep your possessions,4,Object-related processes,,FALSE,FALSE,0,0,0,0,0,0,0,0,0,0,0,0,0,0,0,0,0,0,0,0,FALSE,FALSE,FALSE,FALSE,FALSE,FALSE,FALSE,FALSE,FALSE
"Sells coffee, tea, other non-alcoholic drinks",4,Object-related processes,,FALSE,FALSE,0,0,0,0,0,0,0,0,0,0,0,0,0,0,0,0,0,0,0,0,FALSE,FALSE,FALSE,FALSE,FALSE,FALSE,FALSE,FALSE,FALSE
Sequesters carbon,4,Object-related processes,,FALSE,FALSE,0,0,0,0,0,0,0,0,0,0,0,0,0,0,0,0,0,0,0,0,FALSE,FALSE,FALSE,FALSE,FALSE,FALSE,FALSE,FALSE,FALSE
Sort and organise delivery of goods,4,Object-related processes,,FALSE,FALSE,0,0,0,0,0,0,0,0,0,0,0,0,0,0,0,0,0,0,0,0,FALSE,FALSE,FALSE,FALSE,FALSE,FALSE,FALSE,FALSE,FALSE
Store gas,4,Object-related processes,,FALSE,FALSE,0,0,0,0,0,0,0,0,0,0,0,0,0,0,0,0,0,0,0,0,FALSE,FALSE,FALSE,FALSE,FALSE,FALSE,FALSE,FALSE,FALSE
Store vehicles,4,Object-related processes,,FALSE,FALSE,0,0,0,0,0,0,0,0,0,0,0,0,0,0,0,0,0,0,0,0,FALSE,FALSE,FALSE,FALSE,FALSE,FALSE,FALSE,FALSE,FALSE
Store wastewater,4,Object-related processes,,FALSE,FALSE,0,0,0,0,0,0,0,0,0,0,0,0,0,0,0,0,0,0,0,0,FALSE,FALSE,FALSE,FALSE,FALSE,FALSE,FALSE,FALSE,FALSE
Store water,4,Object-related processes,,FALSE,FALSE,0,0,0,0,0,0,0,0,0,0,0,0,0,0,0,0,0,0,0,0,FALSE,FALSE,FALSE,FALSE,FALSE,FALSE,FALSE,FALSE,FALSE
Stores wholesale goods,4,Object-related processes,,FALSE,FALSE,0,0,0,0,0,0,0,0,0,0,0,0,0,0,0,0,0,0,0,0,FALSE,FALSE,FALSE,FALSE,FALSE,FALSE,FALSE,FALSE,FALSE
Support access to employment,4,Object-related processes,,FALSE,FALSE,0,0,0,0,0,0,0,0,0,0,0,0,0,0,0,0,0,0,0,0,FALSE,FALSE,FALSE,FALSE,FALSE,FALSE,FALSE,FALSE,FALSE
Support air filtration,4,Object-related processes,,FALSE,FALSE,0,0,0,0,0,0,0,0,0,0,0,0,0,0,0,0,0,0,0,0,FALSE,FALSE,FALSE,FALSE,FALSE,FALSE,FALSE,FALSE,FALSE
Support excess water storage,4,Object-related processes,,FALSE,FALSE,0,0,0,0,0,0,0,0,0,0,0,0,0,0,0,0,0,0,0,0,FALSE,FALSE,FALSE,FALSE,FALSE,FALSE,FALSE,FALSE,FALSE
Support mental health and wellbeing,4,Object-related processes,"This focuses on blue/green mental health, as well as physical fitness having a direct link to mental health benefits. Other indoor facilities would be captured under facilitate leisure/recreation.",FALSE,FALSE,0,0,0,0,0,0,0,0,0,0,0,0,0,0,0,0,0,0,0,0,FALSE,FALSE,FALSE,FALSE,FALSE,FALSE,FALSE,FALSE,FALSE
Support microclimate regulation,4,Object-related processes,,FALSE,FALSE,0,0,0,0,0,0,0,0,0,0,0,0,0,0,0,0,0,0,0,0,FALSE,FALSE,FALSE,FALSE,FALSE,FALSE,FALSE,FALSE,FALSE
Support nutrient cycles,4,Object-related processes,,FALSE,FALSE,0,0,0,0,0,0,0,0,0,0,0,0,0,0,0,0,0,0,0,0,FALSE,FALSE,FALSE,FALSE,FALSE,FALSE,FALSE,FALSE,FALSE
Support physical health and fitness,4,Object-related processes,,FALSE,FALSE,0,0,0,0,0,0,0,0,0,0,0,0,0,0,0,0,0,0,0,0,FALSE,FALSE,FALSE,FALSE,FALSE,FALSE,FALSE,FALSE,FALSE
Support species habitat,4,Object-related processes,,FALSE,FALSE,0,0,0,0,0,0,0,0,0,0,0,0,0,0,0,0,0,0,0,0,FALSE,FALSE,FALSE,FALSE,FALSE,FALSE,FALSE,FALSE,FALSE
Support water purification,4,Object-related processes,,FALSE,FALSE,0,0,0,0,0,0,0,0,0,0,0,0,0,0,0,0,0,0,0,0,FALSE,FALSE,FALSE,FALSE,FALSE,FALSE,FALSE,FALSE,FALSE
Survey buildings,4,Object-related processes,,FALSE,FALSE,0,0,0,0,0,0,0,0,0,0,0,0,0,0,0,0,0,0,0,0,FALSE,FALSE,FALSE,FALSE,FALSE,FALSE,FALSE,FALSE,FALSE
Transmit electricity,4,Object-related processes,,FALSE,FALSE,0,0,0,0,0,0,0,0,0,0,0,0,0,0,0,0,0,0,0,0,FALSE,FALSE,FALSE,FALSE,FALSE,FALSE,FALSE,FALSE,FALSE
Transmit gas,4,Object-related processes,,FALSE,FALSE,0,0,0,0,0,0,0,0,0,0,0,0,0,0,0,0,0,0,0,0,FALSE,FALSE,FALSE,FALSE,FALSE,FALSE,FALSE,FALSE,FALSE
Transmit money,4,Object-related processes,This is about granting loans but also debt collection.                                                                                               ,FALSE,FALSE,0,0,0,0,0,0,0,0,0,0,0,0,0,0,0,0,0,0,0,0,FALSE,FALSE,FALSE,FALSE,FALSE,FALSE,FALSE,FALSE,FALSE
Transmit telecommunications,4,Object-related processes,,FALSE,FALSE,0,0,0,0,0,0,0,0,0,0,0,0,0,0,0,0,0,0,0,0,FALSE,FALSE,FALSE,FALSE,FALSE,FALSE,FALSE,FALSE,FALSE
Transport waste and recycling,4,Object-related processes,,FALSE,FALSE,0,0,0,0,0,0,0,0,0,0,0,0,0,0,0,0,0,0,0,0,FALSE,FALSE,FALSE,FALSE,FALSE,FALSE,FALSE,FALSE,FALSE
Transport wastewater,4,Object-related processes,,FALSE,FALSE,0,0,0,0,0,0,0,0,0,0,0,0,0,0,0,0,0,0,0,0,FALSE,FALSE,FALSE,FALSE,FALSE,FALSE,FALSE,FALSE,FALSE
Transport water,4,Object-related processes,,FALSE,FALSE,0,0,0,0,0,0,0,0,0,0,0,0,0,0,0,0,0,0,0,0,FALSE,FALSE,FALSE,FALSE,FALSE,FALSE,FALSE,FALSE,FALSE
Treat wastewater,4,Object-related processes,,FALSE,FALSE,0,0,0,0,0,0,0,0,0,0,0,0,0,0,0,0,0,0,0,0,FALSE,FALSE,FALSE,FALSE,FALSE,FALSE,FALSE,FALSE,FALSE
Treat water,4,Object-related processes,,FALSE,FALSE,0,0,0,0,0,0,0,0,0,0,0,0,0,0,0,0,0,0,0,0,FALSE,FALSE,FALSE,FALSE,FALSE,FALSE,FALSE,FALSE,FALSE
Undertake legal proceedings,4,Object-related processes,,FALSE,FALSE,0,0,0,0,0,0,0,0,0,0,0,0,0,0,0,0,0,0,0,0,FALSE,FALSE,FALSE,FALSE,FALSE,FALSE,FALSE,FALSE,FALSE
Undertake research,4,Object-related processes,,FALSE,FALSE,0,0,0,0,0,0,0,0,0,0,0,0,0,0,0,0,0,0,0,0,FALSE,FALSE,FALSE,FALSE,FALSE,FALSE,FALSE,FALSE,FALSE
Absorption towers,5,Physical objects,"Used in various industries to absorb impurities, e.g. particles or carbon.",FALSE,FALSE,0,0,0,0,0,0,0,0,0,0,0,0,0,0,0,0,0,0,0,0,FALSE,FALSE,FALSE,FALSE,FALSE,FALSE,FALSE,FALSE,FALSE
Accountancy firms,5,Physical objects,Companies providing accounting and auditing services.,FALSE,TRUE,0,0,0,0,0,0,0,0,0,0,0,0,0,0,0,0,0,0,0,0,FALSE,FALSE,FALSE,FALSE,FALSE,TRUE,FALSE,FALSE,FALSE
Advertising,5,Physical objects,"Companies providing advertising, marketing or public relations services.",FALSE,TRUE,0,0,0,0,0,0,0,0,0,0,0,0,0,0,0,0,0,0,0,0,FALSE,FALSE,FALSE,FALSE,FALSE,TRUE,FALSE,FALSE,FALSE
Agriculture and aquaculture,5,Physical objects,"Farms, orchards and agriculture that cultivate, process and/or distribute food in and around urban areas. Can include beekeeping and allotments.",FALSE,TRUE,0,0,1,0,0,0,0,0,0,0,0,0,0,0,0,0,0,0,0,0,FALSE,FALSE,FALSE,FALSE,FALSE,TRUE,FALSE,FALSE,FALSE
Air bases,5,Physical objects,,FALSE,TRUE,0,0,0,0,0,0,0,0,0,0,0,0,0,0,0,0,0,0,0,0,FALSE,FALSE,FALSE,FALSE,FALSE,TRUE,FALSE,FALSE,FALSE
Airplanes and helicopters,5,Physical objects,,FALSE,FALSE,0,0,0,0,0,0,0,0,1,1,0,0,0,0,0,0,0,0,0,0,FALSE,FALSE,FALSE,FALSE,FALSE,TRUE,FALSE,FALSE,FALSE
Airports (major),5,Physical objects,"A complex of runways and buildings for the take-off, landing, and maintenance of civil aircraft, with facilities for passengers including restaurants and shops.",FALSE,TRUE,0,0,0,0,0,0,0,0,1,1,0,0,0,0,0,0,0,0,0,0,FALSE,FALSE,FALSE,FALSE,FALSE,TRUE,FALSE,FALSE,FALSE
Airports (minor),5,Physical objects,"A complex of runways and buildings for the take-off, landing, and maintenance of civil aircraft, usually without passenger facilities.",FALSE,TRUE,0,0,0,0,0,0,0,0,1,1,0,0,0,0,0,0,0,0,0,0,FALSE,FALSE,FALSE,FALSE,FALSE,TRUE,FALSE,FALSE,FALSE
Ambulance stations,5,Physical objects,"Facilities to store and maintain emergency vehicles and associated medical equipment, as well as house emergency services staff for readiness to deploy.",FALSE,TRUE,0,0,0,0,1,0,0,0,0,0,0,0,0,0,0,0,0,0,0,0,FALSE,FALSE,FALSE,FALSE,FALSE,TRUE,FALSE,FALSE,FALSE
Animal care,5,Physical objects,,FALSE,TRUE,0,0,0,0,0,0,0,0,0,0,0,0,0,0,0,0,0,0,0,0,FALSE,FALSE,FALSE,FALSE,FALSE,TRUE,FALSE,FALSE,FALSE
Animal shelters,5,Physical objects,"Places where animals that have been badly treated, or are lost/unwanted, can be cared for, rehabilitated and/or rehomed.",FALSE,TRUE,0,0,0,0,0,0,0,0,0,0,0,0,0,0,0,0,0,0,0,0,FALSE,FALSE,FALSE,FALSE,FALSE,TRUE,FALSE,FALSE,FALSE
Apparel retail,5,Physical objects,Retailers specialised mainly in apparel and accessorises.,FALSE,TRUE,0,0,0,0,0,0,0,0,0,0,0,0,0,0,0,0,0,0,0,0,FALSE,FALSE,FALSE,FALSE,FALSE,TRUE,FALSE,FALSE,FALSE
Apparel services,5,Physical objects,"Washing, drying, tailoring, or mending facilities for public use. Includes dry cleaners, laundrettes, tailors and seamstresses, and any type of clothing maintenance. Also includes clothing hire (e.g. for wedding or costume apparel)",FALSE,TRUE,0,0,0,0,0,0,0,0,0,0,0,0,0,0,0,0,0,0,0,0,FALSE,FALSE,FALSE,FALSE,FALSE,TRUE,FALSE,FALSE,FALSE
Aquariums,5,Physical objects,"Establishments which maintain a collection of marine animals, typically in aquariums for study, conservation, or display to the public.",FALSE,TRUE,0,0,0,0,0,0,0,0,0,0,0,0,0,0,0,0,0,0,0,0,FALSE,FALSE,FALSE,FALSE,FALSE,TRUE,FALSE,FALSE,FALSE
Aqueducts and viaducts,5,Physical objects,"Structures for carrying water across land, or a bridge that carries a railway or road over a valley.",FALSE,TRUE,0,0,0,0,0,0,0,0,0,0,0,0,0,0,0,0,0,0,0,0,FALSE,FALSE,FALSE,FALSE,FALSE,FALSE,FALSE,FALSE,FALSE
Armed forces barracks,5,Physical objects,Buildings where military personnel live.,FALSE,TRUE,0,0,0,0,0,0,0,0,0,0,0,0,0,0,0,0,0,0,0,0,FALSE,FALSE,FALSE,FALSE,FALSE,TRUE,FALSE,FALSE,FALSE
Armed forces headquarters,5,Physical objects,"Departments that manage military personnel, their training and services they are provided with.",FALSE,TRUE,0,0,0,0,0,0,0,0,0,0,0,0,0,0,0,0,0,0,0,0,FALSE,FALSE,FALSE,FALSE,FALSE,TRUE,FALSE,FALSE,FALSE
Armed forces training grounds,5,Physical objects,Land owned by the government for the sole purpose of training the military.,FALSE,TRUE,0,0,0,0,0,0,0,0,0,0,0,0,0,0,0,0,0,0,0,0,FALSE,FALSE,FALSE,FALSE,FALSE,TRUE,FALSE,FALSE,FALSE
Assisted living,5,Physical objects,Housing specifically designed for people who need help in everyday life. This node also includes care homes where residents require 24 hour care.,FALSE,TRUE,0,0,0,0,1,0,0,0,0,0,0,0,0,0,0,0,0,0,0,0,FALSE,FALSE,FALSE,FALSE,FALSE,TRUE,FALSE,FALSE,FALSE
ATMs,5,Physical objects,Machines that dispenses cash or performs other banking services when an account holder inserts a bank card.,FALSE,TRUE,0,0,0,0,0,0,0,0,0,0,0,0,0,0,0,0,0,0,0,0,FALSE,FALSE,FALSE,FALSE,FALSE,TRUE,FALSE,FALSE,FALSE
Attractions,5,Physical objects,"Includes arcades, bowling alleys, escape rooms, multiplexes, etc.",FALSE,TRUE,0,0,0,0,0,0,0,0,0,0,0,0,0,0,0,0,0,0,0,0,FALSE,FALSE,FALSE,FALSE,FALSE,TRUE,FALSE,FALSE,FALSE
Auction houses,5,Physical objects,"Places of work for auctioneers who conduct auctions by accepting bids and declaring goods sold, including furnishings, collectors' items, art and valuables, land and real estate, vehicles, etc.",FALSE,TRUE,0,0,0,0,0,0,0,0,0,0,0,0,0,0,0,0,0,0,0,0,FALSE,FALSE,FALSE,FALSE,FALSE,TRUE,FALSE,FALSE,FALSE
Automotive retail,5,Physical objects,"Includes auto dealers and retailers of auto accessories, motorcycles & parts, automotive glass and automotive equipment & parts.",FALSE,TRUE,0,0,0,0,0,0,0,0,0,0,0,0,0,0,0,0,0,0,0,0,FALSE,FALSE,FALSE,FALSE,FALSE,TRUE,FALSE,FALSE,FALSE
Bank headquarters,5,Physical objects,Offices where bank executives work and where key banking decisions are made.,FALSE,TRUE,0,0,0,0,0,0,0,0,0,0,0,0,0,0,0,0,0,0,0,0,FALSE,FALSE,FALSE,FALSE,FALSE,TRUE,FALSE,FALSE,FALSE
Banks,5,Physical objects,"Organizations where people and businesses can invest or borrow money, change it to foreign money, etc., or buildings where these services are offered.",FALSE,TRUE,0,0,0,0,0,0,0,0,0,0,0,0,0,0,0,0,0,0,0,0,FALSE,FALSE,FALSE,FALSE,FALSE,TRUE,FALSE,FALSE,FALSE
"Barriers, gates, and fences",5,Physical objects,Objects that restricts movement of animals or people.,FALSE,TRUE,0,0,0,0,0,0,0,0,0,0,0,0,0,0,0,0,0,0,0,0,FALSE,FALSE,FALSE,FALSE,FALSE,FALSE,FALSE,FALSE,FALSE
Bars and nightclubs,5,Physical objects,"Entertainment venues that operate mainly at night, mainly offering alcoholic drinks.",FALSE,TRUE,0,0,0,0,0,0,0,0,0,0,0,0,0,0,0,0,0,0,0,0,FALSE,FALSE,FALSE,FALSE,FALSE,TRUE,FALSE,FALSE,FALSE
Beaches,5,Physical objects,,FALSE,TRUE,0,0,0,0,0,0,1,0,0,0,0,0,0,0,0,0,0,0,0,0,FALSE,FALSE,FALSE,FALSE,FALSE,TRUE,FALSE,FALSE,FALSE
Beauty services,5,Physical objects,"Includes hairdressers, barbers, nail technicians, facial treatments, make-up artists etc.",FALSE,TRUE,0,0,0,0,0,0,0,0,0,0,0,0,0,0,0,0,0,0,0,0,FALSE,FALSE,FALSE,FALSE,FALSE,TRUE,FALSE,FALSE,FALSE
Bicycles,5,Physical objects,,FALSE,FALSE,0,0,0,0,0,0,0,0,1,0,1,0,0,0,0,0,0,0,0,0,FALSE,FALSE,FALSE,FALSE,FALSE,TRUE,FALSE,FALSE,FALSE
Bins,5,Physical objects,"On-street bins at curbisde or in public spaces, either for depositing general waste or recycling.",FALSE,TRUE,0,0,0,0,0,0,0,0,0,0,0,0,0,0,1,0,0,0,0,0,FALSE,FALSE,FALSE,FALSE,FALSE,TRUE,FALSE,FALSE,FALSE
Blood banks,5,Physical objects,Venues where the public can donate blood for medical purposes.,FALSE,TRUE,0,0,0,0,1,0,0,0,0,0,0,0,0,0,0,0,0,0,0,0,FALSE,FALSE,FALSE,FALSE,FALSE,TRUE,FALSE,FALSE,FALSE
Boats,5,Physical objects,,FALSE,FALSE,0,0,0,0,0,0,0,0,0,0,0,0,0,0,0,0,0,0,0,0,FALSE,FALSE,FALSE,FALSE,FALSE,FALSE,FALSE,FALSE,FALSE
Botanical gardens,5,Physical objects,Establishments where plants are grown for scientific study and display to the public.,FALSE,TRUE,0,0,0,0,0,0,0,0,0,0,0,0,0,0,0,0,0,0,1,0,FALSE,FALSE,FALSE,FALSE,FALSE,TRUE,FALSE,FALSE,FALSE
Bridges,5,Physical objects,"Structures carrying a road, path, railway, etc. across a river, road, or other obstacle.",FALSE,TRUE,0,0,0,0,0,0,0,0,4,0,1,1,1,1,0,0,0,0,0,0,FALSE,FALSE,FALSE,FALSE,FALSE,FALSE,FALSE,FALSE,FALSE
Broadband provider offices,5,Physical objects,"Offices for organisations that provide services for accessing or using telecommunications, aimed at large-scale operations (e.g. customer service, IT support) and not customer-facing stores.",FALSE,TRUE,1,0,0,0,0,0,0,0,0,0,0,0,0,0,0,0,0,0,0,0,FALSE,FALSE,FALSE,FALSE,FALSE,TRUE,FALSE,FALSE,FALSE
Broadcasting,5,Physical objects,"Owners and operators of television or radio broadcasting systems, including programming. Includes radio and television broadcasting, film production companies, radio networks, and radio stations.",FALSE,TRUE,1,0,0,0,0,0,0,0,0,0,0,0,0,0,0,0,0,0,0,0,FALSE,FALSE,FALSE,FALSE,FALSE,TRUE,FALSE,FALSE,FALSE
Brownfield sites,5,Physical objects,Any previously developed land that is not currently in use.,FALSE,TRUE,0,0,0,0,0,0,0,0,0,0,0,0,0,0,0,0,0,0,0,0,FALSE,FALSE,FALSE,FALSE,FALSE,FALSE,FALSE,FALSE,FALSE
Bus stations,5,Physical objects,"Places where buses start and end their journey that are open to the public. They are larger than bus stops, and provide facilities for passengers to purchase tickets, refreshments and provide public toilets.  ",FALSE,TRUE,0,0,0,0,0,0,0,0,1,0,0,0,0,1,0,0,0,0,0,0,FALSE,FALSE,FALSE,FALSE,FALSE,TRUE,FALSE,FALSE,FALSE
Bus stops,5,Physical objects,"Designated spaces for buses to stop to allow passengers to get on and off buses, not necessarily with a dedicated shelter.",FALSE,TRUE,0,0,0,0,0,0,0,0,1,0,0,0,0,1,0,0,0,0,0,0,FALSE,FALSE,FALSE,FALSE,FALSE,TRUE,FALSE,FALSE,FALSE
Buses and trams,5,Physical objects,,FALSE,FALSE,0,0,0,0,0,0,0,0,2,0,0,1,0,1,0,0,0,0,0,0,FALSE,FALSE,FALSE,FALSE,FALSE,TRUE,FALSE,FALSE,FALSE
Business services,5,Physical objects,"Organisations that support development and growth of entrepreneurs and SMEs, as well as other business support services such as print and copy shops.",FALSE,TRUE,0,0,0,0,0,0,0,0,0,0,0,0,0,0,0,0,0,0,0,0,FALSE,FALSE,FALSE,FALSE,FALSE,TRUE,FALSE,FALSE,FALSE
Cafes,5,Physical objects,"Small, informal restaurants selling drinks and light refreshments.",FALSE,TRUE,0,0,1,0,0,0,0,0,0,0,0,0,0,0,0,0,0,0,0,0,FALSE,FALSE,FALSE,FALSE,FALSE,TRUE,FALSE,FALSE,FALSE
Camping grounds,5,Physical objects,,FALSE,TRUE,0,0,0,0,0,0,0,0,0,0,0,0,0,0,0,0,0,0,0,0,FALSE,FALSE,FALSE,FALSE,FALSE,TRUE,FALSE,FALSE,FALSE
Canals,5,Physical objects,"Long, thin stretch of water that is artificially made either for boats to travel along or for taking water from one area to another.",FALSE,TRUE,0,0,0,0,0,0,0,0,0,0,0,0,0,0,0,0,0,0,0,0,FALSE,FALSE,FALSE,FALSE,FALSE,FALSE,FALSE,FALSE,FALSE
Career and employment support services,5,Physical objects,Recruitment businesses that seek employers for those looking for them. Also includes companies offering advice for people seeking employment.,FALSE,TRUE,0,0,0,0,0,0,0,0,0,0,0,0,0,0,0,0,0,0,0,0,FALSE,FALSE,FALSE,FALSE,FALSE,TRUE,FALSE,FALSE,FALSE
Casinos and gaming,5,Physical objects,Owners and operators of casinos and gaming facilities. Includes companies providing lottery and betting services.,FALSE,TRUE,0,0,0,0,0,0,0,0,0,0,0,0,0,0,0,0,0,0,0,0,FALSE,FALSE,FALSE,FALSE,FALSE,TRUE,FALSE,FALSE,FALSE
Castles and fortifications,5,Physical objects,,FALSE,TRUE,0,0,0,0,0,0,0,0,0,0,0,0,0,0,0,0,0,0,0,0,FALSE,FALSE,FALSE,FALSE,FALSE,TRUE,FALSE,FALSE,FALSE
Cemeteries,5,Physical objects,Large burial grounds.,FALSE,TRUE,0,0,0,0,0,0,0,1,0,0,0,0,0,0,0,0,0,0,0,0,FALSE,FALSE,FALSE,FALSE,FALSE,TRUE,FALSE,FALSE,FALSE
Charity organisations,5,Physical objects,Office of non-profit organizations whose primary objectives are philanthropy and social well-being.,FALSE,TRUE,0,0,0,0,0,0,0,0,0,0,0,0,0,0,0,0,0,0,0,0,FALSE,FALSE,FALSE,FALSE,FALSE,TRUE,FALSE,FALSE,FALSE
Charity shops,5,Physical objects,Shops where second-hand goods are sold to raise money for a charity.,FALSE,TRUE,0,0,0,0,0,0,0,0,0,0,0,0,0,0,0,0,0,0,0,0,FALSE,FALSE,FALSE,FALSE,FALSE,TRUE,FALSE,FALSE,FALSE
Children's clubs,5,Physical objects,,FALSE,TRUE,0,0,0,0,0,0,0,0,0,0,0,0,0,0,0,0,0,0,0,0,FALSE,FALSE,FALSE,FALSE,FALSE,TRUE,FALSE,FALSE,FALSE
Cinemas,5,Physical objects,Theatres where films are shown for public entertainment.,FALSE,TRUE,0,0,0,0,0,0,0,0,0,0,0,0,0,0,0,0,0,0,0,0,FALSE,FALSE,FALSE,FALSE,FALSE,TRUE,FALSE,FALSE,FALSE
Citizens Advice Bureaus,5,Physical objects,"An independent charity where the public can obtain free, confidential information and advice on an extensive range of civil, consumer, and legal matters in the UK.",TRUE,TRUE,0,0,0,0,0,0,0,0,0,0,0,0,0,0,0,0,0,0,0,0,FALSE,FALSE,FALSE,FALSE,FALSE,TRUE,FALSE,FALSE,FALSE
Common green areas,5,Physical objects,"Publicly accessible greenspaces, including commons, gardens, and forests. Not including official parks.",FALSE,TRUE,0,0,0,0,0,0,1,0,0,0,0,0,0,0,0,0,0,0,1,0,FALSE,FALSE,FALSE,FALSE,FALSE,FALSE,FALSE,FALSE,FALSE
Community centres,5,Physical objects,"Places where people from a particular neighbourhood can meet for social events, education classes, or recreational activities.",TRUE,TRUE,0,0,0,0,0,0,0,0,0,0,0,0,0,0,0,0,0,0,0,0,FALSE,FALSE,FALSE,FALSE,FALSE,TRUE,FALSE,FALSE,FALSE
Computer and electronics shops,5,Physical objects,"Shops selling or repairing consumer electronics, computers, video and related products. Also includes electronic home appliances (washing machines, refrigerators, etc.).",FALSE,TRUE,0,0,0,0,0,0,0,0,0,0,0,0,0,0,0,0,0,0,0,0,FALSE,FALSE,FALSE,FALSE,FALSE,TRUE,FALSE,FALSE,FALSE
Conference and exhibition centres (animal racing),5,Physical objects,Large buildings designed to hold large animal racing or exhibition events.,FALSE,TRUE,0,0,0,0,0,0,0,0,0,0,0,0,0,0,0,0,0,0,0,0,FALSE,FALSE,FALSE,FALSE,FALSE,TRUE,FALSE,FALSE,FALSE
Conference and exhibition centres (general),5,Physical objects,"Large buildings designed to hold big events flexible to a specified topic. Includes sports stadiums and arenas, conference centres, exhibition centres, etc.",FALSE,TRUE,0,0,0,0,0,0,0,0,0,0,0,0,0,0,0,0,0,0,0,0,FALSE,FALSE,FALSE,FALSE,FALSE,TRUE,FALSE,FALSE,FALSE
Construction and engineering,5,Physical objects,Companies engaged in construction. Includes civil engineering companies and large-scale contractors. ,FALSE,TRUE,0,0,0,0,0,0,0,0,0,0,0,0,0,0,0,0,0,0,0,0,FALSE,FALSE,FALSE,FALSE,FALSE,TRUE,FALSE,FALSE,FALSE
Consumer finance,5,Physical objects,"Providers of consumer finance services, including personal credit, credit cards, lease financing, travel-related money services and pawnshops. ",FALSE,TRUE,0,0,0,0,0,0,0,0,0,0,0,0,0,0,0,0,0,0,0,0,FALSE,FALSE,FALSE,FALSE,FALSE,TRUE,FALSE,FALSE,FALSE
Council offices,5,Physical objects,Local government administrative buildings.,TRUE,TRUE,0,0,0,0,0,0,0,0,0,0,0,0,0,0,0,0,0,0,0,0,FALSE,FALSE,FALSE,FALSE,FALSE,TRUE,FALSE,FALSE,FALSE
Couriers,5,Physical objects,"Companies that transfer commercial packages or documents. This includes sorting facilities with customer-facing points, such as DPD pick-up points or local post sorting facilities.",FALSE,TRUE,0,0,0,0,0,0,0,0,0,0,0,0,0,0,0,0,0,0,0,0,FALSE,FALSE,FALSE,FALSE,FALSE,TRUE,FALSE,FALSE,FALSE
Courthouses,5,Physical objects,Buildings in which a judicial court is held.,FALSE,TRUE,0,0,0,0,0,1,0,0,0,0,0,0,0,0,0,0,0,0,0,0,FALSE,FALSE,FALSE,FALSE,FALSE,TRUE,FALSE,FALSE,FALSE
Coworking office spaces,5,Physical objects,Office spaces available for renting shared areas and facilities.,FALSE,TRUE,0,0,0,0,0,0,0,0,0,0,0,0,0,0,0,0,0,0,0,0,FALSE,FALSE,FALSE,FALSE,FALSE,TRUE,FALSE,FALSE,FALSE
Creative spaces,5,Physical objects,"These include dance halls, art studios, cooking classes, music schools etc.",FALSE,TRUE,0,0,0,0,0,0,0,0,0,0,0,0,0,0,0,0,0,0,0,0,FALSE,FALSE,FALSE,FALSE,FALSE,TRUE,FALSE,FALSE,FALSE
Crossings,5,Physical objects,"Any form of pedestrian, cycle or other road and rail crossings.",FALSE,TRUE,0,0,0,0,0,0,0,0,2,0,0,0,1,1,0,0,0,0,0,0,FALSE,FALSE,FALSE,FALSE,FALSE,TRUE,FALSE,FALSE,FALSE
Day centres,5,Physical objects,Places providing care and recreation facilities for those who cannot be fully independent.,TRUE,TRUE,0,0,0,0,0,0,0,0,0,0,0,0,0,0,0,0,0,0,0,0,FALSE,FALSE,FALSE,FALSE,FALSE,TRUE,FALSE,FALSE,FALSE
Death-care services,5,Physical objects,"Includes funeral directors, crematoriums, morgues, etc.",FALSE,TRUE,0,0,0,0,0,0,0,1,0,0,0,0,0,0,0,0,0,0,0,0,FALSE,FALSE,FALSE,FALSE,FALSE,TRUE,FALSE,FALSE,FALSE
Dental and orthodontal practices,5,Physical objects,"Any practice specialising in oral healthcare, can include dental hospitals.",FALSE,TRUE,0,0,0,0,0,0,0,0,0,0,0,0,0,0,0,0,0,0,0,0,FALSE,FALSE,FALSE,FALSE,FALSE,TRUE,FALSE,FALSE,FALSE
Dining and catering services,5,Physical objects,,FALSE,TRUE,0,0,1,0,0,0,0,0,0,0,0,0,0,0,0,0,0,0,0,0,FALSE,FALSE,FALSE,FALSE,FALSE,TRUE,FALSE,FALSE,FALSE
Diplomatic buildings,5,Physical objects,Residence or place of official business of an ambassador. ,FALSE,TRUE,0,0,0,0,0,0,0,0,0,0,0,0,0,0,0,0,0,0,0,0,FALSE,FALSE,FALSE,FALSE,FALSE,TRUE,FALSE,FALSE,FALSE
Distribution centres,5,Physical objects,"Buildings that store goods to be redistributed to retailers, wholesalers or directly to consumers. Can include warehouses and post depots which do not have a customer-facing pickup point.",FALSE,TRUE,0,0,0,0,0,0,0,0,0,0,0,0,0,0,0,0,0,0,0,0,FALSE,FALSE,FALSE,FALSE,FALSE,TRUE,FALSE,FALSE,FALSE
Driving schools,5,Physical objects,Business offices that employ instructors to teach people how to drive. Can include test centres.,FALSE,TRUE,0,0,0,0,0,0,0,0,0,0,0,0,0,0,0,0,0,0,0,0,FALSE,FALSE,FALSE,FALSE,FALSE,TRUE,FALSE,FALSE,FALSE
Eateries,5,Physical objects,"Restaurants or pubs, including those which may host small recreational activities such as background musical performances or pool playing facilities.",FALSE,TRUE,0,0,1,0,0,0,0,0,0,0,0,0,0,0,0,0,0,0,0,0,FALSE,FALSE,FALSE,FALSE,FALSE,TRUE,FALSE,FALSE,FALSE
Electricity provider offices,5,Physical objects,"Offices for organisations that provide services for accessing or using electricity, that perform administrative activities such as remote customer service and IT support, but are not open to the public.",FALSE,TRUE,0,1,0,0,0,0,0,0,0,0,0,0,0,0,0,0,0,0,0,0,FALSE,FALSE,FALSE,FALSE,FALSE,TRUE,FALSE,FALSE,FALSE
Emergency vehicles,5,Physical objects,,FALSE,FALSE,0,0,0,0,1,1,0,0,0,0,0,0,0,0,0,0,0,0,0,0,FALSE,FALSE,FALSE,FALSE,FALSE,TRUE,FALSE,FALSE,FALSE
Environmental consulting and quantity surveying firms,5,Physical objects,Companies that give advice to other organisations on environmental risks and cost management for construction.,FALSE,TRUE,0,0,0,0,0,0,0,0,0,0,0,0,0,0,0,0,0,0,0,0,FALSE,FALSE,FALSE,FALSE,FALSE,TRUE,FALSE,FALSE,FALSE
Environmental regulators,5,Physical objects,Companies that provide environmental regulation across a country.,FALSE,TRUE,0,0,0,0,0,0,0,0,0,0,0,0,0,0,0,0,0,0,0,0,FALSE,FALSE,FALSE,FALSE,FALSE,TRUE,FALSE,FALSE,FALSE
EV charging stations,5,Physical objects,Facilities to charge electric vehicles.,FALSE,TRUE,0,0,0,0,0,0,0,0,1,0,0,0,1,0,0,0,0,0,0,0,FALSE,FALSE,FALSE,FALSE,FALSE,TRUE,FALSE,FALSE,FALSE
Events management,5,Physical objects,,FALSE,TRUE,0,0,0,0,0,0,0,0,0,0,0,0,0,0,0,0,0,0,0,0,FALSE,FALSE,FALSE,FALSE,FALSE,TRUE,FALSE,FALSE,FALSE
Exterior building trades,5,Physical objects,"This includes roofers, scaffolders and demolition companies.",FALSE,TRUE,0,0,0,0,0,0,0,0,0,0,0,0,0,0,0,0,0,0,0,0,FALSE,FALSE,FALSE,FALSE,FALSE,TRUE,FALSE,FALSE,FALSE
Financial advisors,5,Physical objects,"Professionals providing financial services, such as investment management and estate planning.",FALSE,TRUE,0,0,0,0,0,0,0,0,0,0,0,0,0,0,0,0,0,0,0,0,FALSE,FALSE,FALSE,FALSE,FALSE,TRUE,FALSE,FALSE,FALSE
Fire stations,5,Physical objects,,FALSE,TRUE,0,0,0,0,1,0,0,0,0,0,0,0,0,0,0,0,0,0,0,0,FALSE,FALSE,FALSE,FALSE,FALSE,TRUE,FALSE,FALSE,FALSE
Food banks,5,Physical objects,Places where stocks of food and other staple goods are provided free of charge for people in need.,FALSE,TRUE,0,0,1,0,0,0,0,0,0,0,0,0,0,0,0,0,0,0,0,0,FALSE,FALSE,FALSE,FALSE,FALSE,TRUE,FALSE,FALSE,FALSE
Furnishing retail,5,Physical objects,"Includes furniture, housewares, major appliances, etc.",FALSE,TRUE,0,0,0,0,0,0,0,0,0,0,0,0,0,0,0,0,0,0,0,0,FALSE,FALSE,FALSE,FALSE,FALSE,TRUE,FALSE,FALSE,FALSE
Furnishing services,5,Physical objects,"Includes upholsterers, interior designers, etc.",FALSE,TRUE,0,0,0,0,0,0,0,0,0,0,0,0,0,0,0,0,0,0,0,0,FALSE,FALSE,FALSE,FALSE,FALSE,TRUE,FALSE,FALSE,FALSE
Gas pipelines,5,Physical objects,Transports gas.,FALSE,FALSE,0,0,0,1,0,0,0,0,0,0,0,0,0,0,0,0,0,0,0,0,FALSE,FALSE,FALSE,FALSE,FALSE,FALSE,FALSE,FALSE,FALSE
Gas provider offices,5,Physical objects,"Offices for organisations that provide services for accessing or using gas, that perform administrative activities such as remote customer service and IT support, but are not open to the public.",FALSE,TRUE,0,0,0,1,0,0,0,0,0,0,0,0,0,0,0,0,0,0,0,0,FALSE,FALSE,FALSE,FALSE,FALSE,TRUE,FALSE,FALSE,FALSE
Gas storage tanks,5,Physical objects,Stores gas.,FALSE,TRUE,0,0,0,1,0,0,0,0,0,0,0,0,0,0,0,0,0,0,0,0,FALSE,FALSE,FALSE,FALSE,FALSE,FALSE,FALSE,FALSE,FALSE
Gas terminals,5,Physical objects,Stores gas and provides energy to move gas through pipelines.,FALSE,TRUE,0,0,0,1,0,0,0,0,0,0,0,0,0,0,0,0,0,0,0,0,FALSE,FALSE,FALSE,FALSE,FALSE,FALSE,FALSE,FALSE,FALSE
Grasslands and meadows,5,Physical objects,"Open habitat, or field, vegetated by grass and other non-woody plants. They attract a multitude and support flora & fauna that could not thrive in other habitats. This includes meadows, grasslands, scrubland, etc.",FALSE,TRUE,0,0,0,0,0,0,1,0,0,0,0,0,0,0,0,0,0,0,0,0,FALSE,FALSE,FALSE,FALSE,FALSE,FALSE,FALSE,FALSE,FALSE
Healthcare (alternative),5,Physical objects,"Includes naturopathy, acupuncture, aromatherapy services.",FALSE,TRUE,0,0,0,0,1,0,0,0,0,0,0,0,0,0,0,0,0,0,0,0,FALSE,FALSE,FALSE,FALSE,FALSE,TRUE,FALSE,FALSE,FALSE
Healthcare (physiotherapy),5,Physical objects,"Includes podiatrists, physiotherapy, massage services, chiropractors etc.",FALSE,TRUE,0,0,0,0,1,0,0,0,0,0,0,0,0,0,0,0,0,0,0,0,FALSE,FALSE,FALSE,FALSE,FALSE,TRUE,FALSE,FALSE,FALSE
Healthcare (specialist),5,Physical objects,,FALSE,TRUE,0,0,0,0,1,0,0,0,0,0,0,0,0,0,0,0,0,0,0,0,FALSE,FALSE,FALSE,FALSE,FALSE,TRUE,FALSE,FALSE,FALSE
Healthcare outpatient services,5,Physical objects,Facilities that provide help and support for people who cannot access healthcare facilities.,FALSE,TRUE,0,0,0,0,1,0,0,0,0,0,0,0,0,0,0,0,0,0,0,0,FALSE,FALSE,FALSE,FALSE,FALSE,TRUE,FALSE,FALSE,FALSE
Helipads,5,Physical objects,,FALSE,TRUE,0,0,0,0,0,0,0,0,1,1,0,0,0,0,0,0,0,0,0,0,FALSE,FALSE,FALSE,FALSE,FALSE,TRUE,FALSE,FALSE,FALSE
Higher education,5,Physical objects,Includes universities and colleges.,FALSE,TRUE,0,0,0,0,0,0,0,0,0,0,0,0,0,0,0,0,0,0,0,0,FALSE,FALSE,FALSE,FALSE,FALSE,TRUE,FALSE,FALSE,FALSE
Historic points of interest,5,Physical objects,Historic points of interest which are generally unmanned and open to the public.,FALSE,TRUE,0,0,0,0,0,0,0,0,0,0,0,0,0,0,0,0,0,0,0,0,FALSE,FALSE,FALSE,FALSE,FALSE,TRUE,FALSE,FALSE,FALSE
Home and outdoor maintenance retail,5,Physical objects,Home and garden improvement retail stores. Includes building materials and supplies available to the public.,FALSE,TRUE,0,0,0,0,0,0,0,0,0,0,0,0,0,0,0,0,0,0,0,0,FALSE,FALSE,FALSE,FALSE,FALSE,TRUE,FALSE,FALSE,FALSE
Home and outdoor maintenance services,5,Physical objects,"Services to clean and maintain indoor/outdoor private spaces and outdoor public spaces, with the aim of maintaining public health. Includes cleaning services, septic tank pumping services, gardeners, public park maintenance offices, etc.",FALSE,TRUE,0,0,0,0,0,0,0,0,0,0,0,0,0,0,0,0,0,0,0,0,FALSE,FALSE,FALSE,FALSE,FALSE,TRUE,FALSE,FALSE,FALSE
Homeless shelters,5,Physical objects,Temporary accommodation for homeless people and families.,FALSE,FALSE,0,0,0,0,0,0,0,0,0,0,0,0,0,0,0,0,0,0,0,0,FALSE,FALSE,FALSE,FALSE,FALSE,TRUE,FALSE,FALSE,FALSE
Hospitals (general),5,Physical objects,,FALSE,TRUE,0,0,0,0,1,0,0,0,0,0,0,0,0,0,0,0,0,0,0,0,FALSE,FALSE,FALSE,FALSE,FALSE,TRUE,FALSE,FALSE,FALSE
Hospitals (with A&E),5,Physical objects,,FALSE,TRUE,0,0,0,0,1,0,0,0,0,0,0,0,0,0,0,0,0,0,0,0,FALSE,FALSE,FALSE,FALSE,FALSE,TRUE,FALSE,FALSE,FALSE
Hotels,5,Physical objects,"Includes self-catering accommodation, B&B, hotels with and without restaurants, and tourist hostels.",FALSE,TRUE,0,0,0,0,0,0,0,0,0,0,0,0,0,0,0,0,0,0,0,0,FALSE,FALSE,FALSE,FALSE,FALSE,TRUE,FALSE,FALSE,FALSE
ICT cables and radio waves,5,Physical objects,,FALSE,FALSE,1,0,0,0,0,0,0,0,0,0,0,0,0,0,0,0,0,0,0,0,FALSE,FALSE,FALSE,FALSE,FALSE,FALSE,FALSE,FALSE,FALSE
Independent or renewable power sources,5,Physical objects,,FALSE,TRUE,0,1,0,0,0,0,0,0,0,0,0,0,0,0,0,0,0,0,0,0,FALSE,FALSE,FALSE,FALSE,FALSE,FALSE,FALSE,FALSE,FALSE
Insurance provider offices,5,Physical objects,"Offices for organisations that provide insurance e.g. buildings insurance, content insurance, car insurance, health insurance etc.",FALSE,TRUE,0,0,0,0,0,0,0,0,0,0,0,0,0,0,0,0,0,0,0,0,FALSE,FALSE,FALSE,FALSE,FALSE,TRUE,FALSE,FALSE,FALSE
Integrated waste facilities,5,Physical objects,"Waste endpoint sites where waste is sorted, with some recycling activities and some power generation activities (e.g. incineration).",FALSE,TRUE,0,1,0,0,0,0,0,0,0,0,0,0,0,0,1,0,0,0,0,0,FALSE,FALSE,FALSE,FALSE,FALSE,TRUE,FALSE,FALSE,FALSE
Interior building trades,5,Physical objects,"Trades which include joiners, carpenter, painters, decorators, glaziers.",FALSE,TRUE,0,0,0,0,0,0,0,0,0,0,0,0,0,0,0,0,0,0,0,0,FALSE,FALSE,FALSE,FALSE,FALSE,TRUE,FALSE,FALSE,FALSE
Internet cafes,5,Physical objects,"Places to rent time on a computer for internet access, printing and copying services, etc. which usually also serve beverages and snacks.",FALSE,TRUE,0,0,0,0,0,0,0,0,0,0,0,0,0,0,0,0,0,0,0,0,FALSE,FALSE,FALSE,FALSE,FALSE,TRUE,FALSE,FALSE,FALSE
IT software and services,5,Physical objects,"Includes data processing services, services & infrastructure for the internet industry, data centres, and software development companies.",FALSE,TRUE,0,0,0,0,0,0,0,0,0,0,0,0,0,0,0,0,0,0,0,0,FALSE,FALSE,FALSE,FALSE,FALSE,TRUE,FALSE,FALSE,FALSE
Lakes and ponds,5,Physical objects,,FALSE,TRUE,0,0,0,0,0,0,1,0,0,0,0,0,0,0,0,0,0,0,0,0,FALSE,FALSE,FALSE,FALSE,FALSE,FALSE,FALSE,FALSE,FALSE
Landfills and endpoint waste sites,5,Physical objects,,FALSE,TRUE,0,0,0,0,0,0,0,0,0,0,0,0,0,0,1,0,1,0,0,0,FALSE,FALSE,FALSE,FALSE,FALSE,TRUE,FALSE,FALSE,FALSE
Learned societies,5,Physical objects,,TRUE,TRUE,0,0,0,0,0,0,0,0,0,0,0,0,0,0,0,0,0,0,0,0,FALSE,FALSE,FALSE,FALSE,FALSE,TRUE,FALSE,FALSE,FALSE
Legal services,5,Physical objects,"Includes lawyers, public prosecutors, legal aid, etc.",FALSE,TRUE,0,0,0,0,0,1,0,0,0,0,0,0,0,0,0,0,0,0,0,0,FALSE,FALSE,FALSE,FALSE,FALSE,TRUE,FALSE,FALSE,FALSE
Libraries and archives,5,Physical objects,,FALSE,TRUE,0,0,0,0,0,0,0,0,0,0,0,0,0,0,0,0,0,0,0,0,FALSE,FALSE,FALSE,FALSE,FALSE,TRUE,FALSE,FALSE,FALSE
Lifeboat stations,5,Physical objects,"Places where a lifeboat is housed and rescue staff are based, for marine search and rescue operations.",FALSE,TRUE,0,0,0,0,1,0,0,0,0,0,0,0,0,0,0,0,0,0,0,0,FALSE,FALSE,FALSE,FALSE,FALSE,TRUE,FALSE,FALSE,FALSE
Locksmiths and cobblers,5,Physical objects,"Trades which include key-cutting, shoe repair, etc.",FALSE,TRUE,0,0,0,0,0,0,0,0,0,0,0,0,0,0,0,0,0,0,0,0,FALSE,FALSE,FALSE,FALSE,FALSE,TRUE,FALSE,FALSE,FALSE
Lorries,5,Physical objects,,FALSE,FALSE,0,0,0,0,0,0,0,0,0,0,0,0,0,0,1,0,0,0,0,0,FALSE,FALSE,FALSE,FALSE,FALSE,TRUE,FALSE,FALSE,FALSE
Maintenance vehicles,5,Physical objects,"Vehicles used to collect rubbish, grit roads etc.",FALSE,FALSE,0,0,0,0,0,0,0,0,0,0,0,0,0,0,1,0,0,0,0,0,FALSE,FALSE,FALSE,FALSE,FALSE,TRUE,FALSE,FALSE,FALSE
Manufacturing (consumer discretionary),5,Physical objects,"Manufacturers of automobiles & components, consumer durables and apparel.",FALSE,TRUE,0,0,0,0,0,0,0,0,0,0,0,0,0,0,0,0,0,0,0,0,FALSE,FALSE,FALSE,FALSE,FALSE,TRUE,FALSE,FALSE,FALSE
Manufacturing (consumer staples),5,Physical objects,"Manufacturers of non-durable household products, personal and beauty products, cigarettes & tobacco. Includes distilleries.",FALSE,TRUE,0,0,1,0,0,0,0,0,0,0,0,0,0,0,0,0,0,0,0,0,FALSE,FALSE,FALSE,FALSE,FALSE,TRUE,FALSE,FALSE,FALSE
Manufacturing (energy),5,Physical objects,Manufacturers of oil and gas equipment.,FALSE,TRUE,0,1,0,1,0,0,0,0,0,0,0,0,0,0,0,0,0,0,0,0,FALSE,FALSE,FALSE,FALSE,FALSE,TRUE,FALSE,FALSE,FALSE
Manufacturing (healthcare),5,Physical objects,Manufacturers of healthcare equipment and supplies,FALSE,FALSE,0,0,0,0,1,0,0,0,0,0,0,0,0,0,0,0,0,0,0,0,FALSE,FALSE,FALSE,FALSE,FALSE,TRUE,FALSE,FALSE,FALSE
Manufacturing (industrials),5,Physical objects,"Manufacturers of  aerospace & defence equipment, building components and equipment, power-generating equipment and other heavy electrical equipment (including power turbines), heavy duty trucks, rolling machinery, construction equipment, agricultural machinery, and industrial machinery.",FALSE,TRUE,0,0,0,0,0,0,0,0,0,0,0,0,0,0,0,0,0,0,0,0,FALSE,FALSE,FALSE,FALSE,FALSE,TRUE,FALSE,FALSE,FALSE
Manufacturing (IT hardware),5,Physical objects,"Manufacturers of communication equipment and products (LANs, WANs, routers, telephones, switchboards and exchanges), phones, personal computers, servers, data storage components, electronic equipment, electronic components, semiconductor equipment and related products.",FALSE,FALSE,1,0,0,0,0,0,0,0,0,0,0,0,0,0,0,0,0,0,0,0,FALSE,FALSE,FALSE,FALSE,FALSE,TRUE,FALSE,FALSE,FALSE
Manufacturing (materials),5,Physical objects,,FALSE,TRUE,0,0,0,0,0,0,0,0,0,0,0,0,0,0,0,0,0,0,0,0,FALSE,FALSE,FALSE,FALSE,FALSE,TRUE,FALSE,FALSE,FALSE
"Marinas, boatyards, and ferry terminals",5,Physical objects,,FALSE,TRUE,0,0,0,0,0,0,0,0,0,0,0,0,0,0,0,0,0,0,0,0,FALSE,FALSE,FALSE,FALSE,FALSE,FALSE,FALSE,FALSE,FALSE
Medical laboratories,5,Physical objects,Laboratories carrying out pathology tests and other medical checks.,FALSE,TRUE,0,0,0,0,1,0,0,0,0,0,0,0,0,0,0,0,0,0,0,0,FALSE,FALSE,FALSE,FALSE,FALSE,TRUE,FALSE,FALSE,FALSE
Medical practices,5,Physical objects,General doctors offices; general medical practices; general practitioners (GPs); primary care physicians; walk-in clinics for general medicine.,FALSE,TRUE,0,0,0,0,1,0,0,0,0,0,0,0,0,0,0,0,0,0,0,0,FALSE,FALSE,FALSE,FALSE,FALSE,TRUE,FALSE,FALSE,FALSE
Mental health services,5,Physical objects,Professionals providing help towards mental and emotional wellbeing.,FALSE,TRUE,0,0,0,0,1,0,0,0,0,0,0,0,0,0,0,0,0,0,0,0,FALSE,FALSE,FALSE,FALSE,FALSE,TRUE,FALSE,FALSE,FALSE
Multi-line retail,5,Physical objects,Department stores and general merchandise stores.,FALSE,TRUE,0,0,0,0,0,0,0,0,0,0,0,0,0,0,0,0,0,0,0,0,FALSE,FALSE,FALSE,FALSE,FALSE,TRUE,FALSE,FALSE,FALSE
Museums and art galleries,5,Physical objects,,FALSE,TRUE,0,0,0,0,0,0,0,0,0,0,0,0,0,0,0,0,0,0,0,0,FALSE,FALSE,FALSE,FALSE,FALSE,TRUE,FALSE,FALSE,FALSE
Music and theatre venues,5,Physical objects,,FALSE,TRUE,0,0,0,0,0,0,0,0,0,0,0,0,0,0,0,0,0,0,0,0,FALSE,FALSE,FALSE,FALSE,FALSE,TRUE,FALSE,FALSE,FALSE
National government buildings,5,Physical objects,,TRUE,TRUE,0,0,0,0,0,1,0,0,0,0,0,0,0,0,0,0,0,0,0,0,FALSE,FALSE,FALSE,FALSE,FALSE,TRUE,FALSE,FALSE,FALSE
Nature reserves,5,Physical objects,"A tract of land managed so as to preserve its flora, fauna and physical features.",FALSE,TRUE,0,0,0,0,0,0,1,0,0,0,0,0,0,0,0,0,0,0,1,0,FALSE,FALSE,FALSE,FALSE,FALSE,FALSE,FALSE,FALSE,FALSE
Nurseries,5,Physical objects,Places where young children are taken when their parents are at work.,FALSE,TRUE,0,0,0,0,0,0,0,0,0,0,0,0,0,0,0,0,0,0,0,0,FALSE,FALSE,FALSE,FALSE,FALSE,TRUE,FALSE,FALSE,FALSE
Observatories,5,Physical objects,"Scientific centres with an astronomical telescope which can conduct research, and are open periodically for public engagement.",FALSE,TRUE,0,0,0,0,0,0,0,0,0,0,0,0,0,0,0,0,0,0,0,0,FALSE,FALSE,FALSE,FALSE,FALSE,TRUE,FALSE,FALSE,FALSE
Offices (other),5,Physical objects,Other commercial office spaces that do not fall into a specified category.,FALSE,TRUE,0,0,0,0,0,0,0,0,0,0,0,0,0,0,0,0,0,0,0,0,FALSE,FALSE,FALSE,FALSE,FALSE,TRUE,FALSE,FALSE,FALSE
Off-licenses,5,Physical objects,Retailers that sell many alcoholic drinks to be taken away. Includes tobacco stores.,FALSE,TRUE,0,0,0,0,0,0,0,0,0,0,0,0,0,0,0,0,0,0,0,0,FALSE,FALSE,FALSE,FALSE,FALSE,TRUE,FALSE,FALSE,FALSE
Opticians and ophthalmologists,5,Physical objects,Practices specialising in eye health care and vision.,FALSE,TRUE,0,0,0,0,1,0,0,0,0,0,0,0,0,0,0,0,0,0,0,0,FALSE,FALSE,FALSE,FALSE,FALSE,TRUE,FALSE,FALSE,FALSE
Other communal resources,5,Physical objects,,TRUE,TRUE,0,0,0,0,0,0,0,0,0,0,0,0,0,0,0,0,0,0,0,0,FALSE,FALSE,FALSE,FALSE,FALSE,TRUE,FALSE,FALSE,FALSE
Other discretionary goods retail,5,Physical objects,,TRUE,TRUE,0,0,0,0,0,0,0,0,0,0,0,0,0,0,0,0,0,0,0,0,FALSE,FALSE,FALSE,FALSE,FALSE,TRUE,FALSE,FALSE,FALSE
Other discretionary services,5,Physical objects,,TRUE,TRUE,0,0,0,0,0,0,0,0,0,0,0,0,0,0,0,0,0,0,0,0,FALSE,FALSE,FALSE,FALSE,FALSE,TRUE,FALSE,FALSE,FALSE
Other staple goods retail,5,Physical objects,,TRUE,TRUE,0,0,1,0,0,0,0,0,0,0,0,0,0,0,0,0,0,0,0,0,FALSE,FALSE,FALSE,FALSE,FALSE,TRUE,FALSE,FALSE,FALSE
Parking,5,Physical objects,Designated spaces for parking vehicles.,FALSE,TRUE,0,0,0,0,0,0,0,0,2,0,1,0,1,0,0,0,0,0,0,0,FALSE,FALSE,FALSE,FALSE,FALSE,TRUE,FALSE,FALSE,FALSE
Parks,5,Physical objects,Publicly accessible parks.,FALSE,TRUE,0,0,0,0,0,0,1,0,0,0,0,0,0,0,0,0,0,0,1,0,FALSE,FALSE,FALSE,FALSE,FALSE,TRUE,FALSE,FALSE,FALSE
Parliamentary buildings,5,Physical objects,"Buildings where members of parliament meet, where laws and policies are passed through government.",TRUE,TRUE,0,0,0,0,0,1,0,0,0,0,0,0,0,0,0,0,0,0,0,0,FALSE,FALSE,FALSE,FALSE,FALSE,TRUE,FALSE,FALSE,FALSE
Personal devices,5,Physical objects,"Includes mobile phones, laptops etc.",FALSE,FALSE,1,0,0,0,0,0,0,0,0,0,0,0,0,0,0,0,0,0,0,0,FALSE,FALSE,FALSE,FALSE,FALSE,TRUE,FALSE,FALSE,FALSE
Pharmacies,5,Physical objects,Medical retailers where medicines are prepared and sold/dispensed. Also a facility where basic health advice is offered.,FALSE,TRUE,0,0,0,0,1,0,0,0,0,0,0,0,0,0,0,0,0,0,0,0,FALSE,FALSE,FALSE,FALSE,FALSE,TRUE,FALSE,FALSE,FALSE
Piers and boardwalks,5,Physical objects,"Paths along a beach, or raised platforms from the shore out over water.",FALSE,TRUE,0,0,0,0,0,0,0,0,0,0,0,0,0,0,0,0,0,0,0,0,FALSE,FALSE,FALSE,FALSE,FALSE,TRUE,FALSE,FALSE,FALSE
Playgrounds (indoor),5,Physical objects,,FALSE,TRUE,0,0,0,0,0,0,0,0,0,0,0,0,0,0,0,0,0,0,0,0,FALSE,FALSE,FALSE,FALSE,FALSE,TRUE,FALSE,FALSE,FALSE
Playgrounds (outdoor),5,Physical objects,,FALSE,TRUE,0,0,0,0,0,0,0,0,0,0,0,0,0,0,0,0,0,0,0,0,FALSE,FALSE,FALSE,FALSE,FALSE,TRUE,FALSE,FALSE,FALSE
Police stations,5,Physical objects,,FALSE,TRUE,0,0,0,0,0,1,0,0,0,0,0,0,0,0,0,0,0,0,0,0,FALSE,FALSE,FALSE,FALSE,FALSE,TRUE,FALSE,FALSE,FALSE
Political offices,5,Physical objects,Government buildings where councillors work.,TRUE,TRUE,0,0,0,0,0,1,0,0,0,0,0,0,0,0,0,0,0,0,0,0,FALSE,FALSE,FALSE,FALSE,FALSE,TRUE,FALSE,FALSE,FALSE
Post boxes,5,Physical objects,Places where letters are deposited.,FALSE,TRUE,0,0,0,0,0,0,0,0,0,0,0,0,0,0,0,0,0,0,0,0,FALSE,FALSE,FALSE,FALSE,FALSE,TRUE,FALSE,FALSE,FALSE
Post offices,5,Physical objects,"Places where stamps are sold, letters and parcels can be posted and collected, and a range of other services (e.g. road taxes and money transfer services) are often provided.",TRUE,TRUE,0,0,0,0,0,0,0,0,0,0,0,0,0,0,0,0,0,0,0,0,FALSE,FALSE,FALSE,FALSE,FALSE,TRUE,FALSE,FALSE,FALSE
Potable water pipes,5,Physical objects,,FALSE,TRUE,0,0,0,0,0,0,0,0,0,0,0,0,0,0,0,0,0,1,0,0,FALSE,FALSE,FALSE,FALSE,FALSE,FALSE,FALSE,FALSE,FALSE
Power lines,5,Physical objects,Cables (underground or overhead supported by pylons or poles) carrying electrical power.,FALSE,TRUE,0,1,0,0,0,0,0,0,0,0,0,0,0,0,0,0,0,0,0,0,FALSE,FALSE,FALSE,FALSE,FALSE,FALSE,FALSE,FALSE,FALSE
"Power poles, towers, and converter stations",5,Physical objects,"Infrastructure to support overhead power lines, converting and/or transferring electricity.",FALSE,TRUE,0,1,0,0,0,0,0,0,0,0,0,0,0,0,0,0,0,0,0,0,FALSE,FALSE,FALSE,FALSE,FALSE,FALSE,FALSE,FALSE,FALSE
Power stations,5,Physical objects,Also known as power plants. Large-scale facilities where electricity is produced to be widely distributed.,FALSE,TRUE,0,1,0,0,0,0,0,0,0,0,0,0,0,0,0,0,0,0,0,0,FALSE,FALSE,FALSE,FALSE,FALSE,TRUE,FALSE,FALSE,FALSE
Prison and jails,5,Physical objects,"Buildings in which people are legally held as a punishment for a crime they have committed, or while awaiting trial.",FALSE,TRUE,0,0,0,0,0,0,0,0,0,0,0,0,0,0,0,0,0,0,0,0,FALSE,FALSE,FALSE,FALSE,FALSE,TRUE,FALSE,FALSE,FALSE
Private motor vehicles,5,Physical objects,,FALSE,FALSE,0,0,0,0,0,0,0,0,1,0,0,0,1,0,0,0,0,0,0,0,FALSE,FALSE,FALSE,FALSE,FALSE,TRUE,FALSE,FALSE,FALSE
Public art,5,Physical objects,"Includes public artwork and installations, outdoor.",FALSE,TRUE,0,0,0,0,0,0,0,0,0,0,0,0,0,0,0,0,0,0,0,0,FALSE,FALSE,FALSE,FALSE,FALSE,TRUE,FALSE,FALSE,FALSE
Public drinking water points,5,Physical objects,,FALSE,TRUE,0,0,0,0,0,0,0,0,0,0,0,0,0,0,0,0,0,1,0,0,FALSE,FALSE,FALSE,FALSE,FALSE,TRUE,FALSE,FALSE,FALSE
Public information boards,5,Physical objects,"Boards for posting notices, includes smart electronic notice boards.",FALSE,TRUE,0,0,0,0,0,0,0,0,5,1,1,1,1,1,0,0,0,0,0,0,FALSE,FALSE,FALSE,FALSE,FALSE,TRUE,FALSE,FALSE,FALSE
Public telephones,5,Physical objects,"Public telephones, including emergency telephone points.",FALSE,TRUE,1,0,0,0,0,0,0,0,0,0,0,0,0,0,0,0,0,0,0,0,FALSE,FALSE,FALSE,FALSE,FALSE,TRUE,FALSE,FALSE,FALSE
Public toilets,5,Physical objects,,FALSE,TRUE,0,0,0,0,0,0,0,0,0,0,0,0,0,0,0,0,1,0,0,0,FALSE,FALSE,FALSE,FALSE,FALSE,TRUE,FALSE,FALSE,FALSE
Publishing offices,5,Physical objects,"Publishers of newspapers, magazines and books in print or electronic formats. Includes bookbinding services.",FALSE,TRUE,0,0,0,0,0,0,0,0,0,0,0,0,0,0,0,0,0,0,0,0,FALSE,FALSE,FALSE,FALSE,FALSE,TRUE,FALSE,FALSE,FALSE
Rail signalling and switches,5,Physical objects,Systems used to direct railway traffic and keep trains clear of each other at all times.,FALSE,TRUE,0,0,0,0,0,0,0,0,1,0,0,1,0,0,0,0,0,0,0,0,FALSE,FALSE,FALSE,FALSE,FALSE,FALSE,FALSE,FALSE,FALSE
Real estate management offices,5,Physical objects,"Companies engaged in operating real estate properties for the purpose of leasing and management; real estate service providers such as real estate agents, brokers, real estate appraisers; companies engaged in the acquisition, development, ownership, leasing, management and operation of residential or commercial properties.",FALSE,TRUE,0,0,0,0,0,0,0,0,0,0,0,0,0,0,0,0,0,0,0,0,FALSE,FALSE,FALSE,FALSE,FALSE,TRUE,FALSE,FALSE,FALSE
Recycling centres,5,Physical objects,,FALSE,TRUE,0,0,0,0,0,0,0,0,0,0,0,0,0,0,0,0,0,0,0,0,FALSE,FALSE,FALSE,FALSE,FALSE,TRUE,FALSE,FALSE,FALSE
Registrar offices,5,Physical objects,"Government offices where civil marriages are performed, and births, marriages, and deaths are recorded.",FALSE,TRUE,0,0,0,0,0,0,0,0,0,0,0,0,0,0,0,0,0,0,0,0,FALSE,FALSE,FALSE,FALSE,FALSE,TRUE,FALSE,FALSE,FALSE
Religious buildings,5,Physical objects,,FALSE,TRUE,0,0,0,0,0,0,0,1,0,0,0,0,0,0,0,0,0,0,0,0,FALSE,FALSE,FALSE,FALSE,FALSE,TRUE,FALSE,FALSE,FALSE
Removal services,5,Physical objects,Companies that move possessions of a family or business from one place to another.,FALSE,TRUE,0,0,0,0,0,0,0,0,0,0,0,0,0,0,0,0,0,0,0,0,FALSE,FALSE,FALSE,FALSE,FALSE,TRUE,FALSE,FALSE,FALSE
Research and consulting services,5,Physical objects,"Companies providing research and consulting services to businesses and governments. Includes management consulting services, architectural design, business information or scientific research, marketing, and testing & certification services.",TRUE,TRUE,0,0,0,0,0,0,0,0,0,0,0,0,0,0,0,0,0,0,0,0,FALSE,FALSE,FALSE,FALSE,FALSE,TRUE,FALSE,FALSE,FALSE
Reservoirs,5,Physical objects,Large natural or artificial lakes used as a water supply.,FALSE,TRUE,0,0,0,0,0,0,0,0,0,0,0,0,0,0,0,0,0,0,0,0,FALSE,FALSE,FALSE,FALSE,FALSE,FALSE,FALSE,FALSE,FALSE
Residential gardens,5,Physical objects,Gardens attached to residential properties.,FALSE,FALSE,0,0,0,0,0,0,0,0,0,0,0,0,0,0,0,0,0,0,1,0,FALSE,FALSE,FALSE,FALSE,FALSE,TRUE,FALSE,FALSE,FALSE
Residential properties,5,Physical objects,"Includes both private, social and rented housing.",FALSE,TRUE,0,0,0,0,0,0,0,0,0,0,0,0,0,0,0,0,0,0,0,0,FALSE,FALSE,FALSE,FALSE,FALSE,TRUE,FALSE,FALSE,FALSE
Retail headquarters,5,Physical objects,,FALSE,TRUE,0,0,0,0,0,0,0,0,0,0,0,0,0,0,0,0,0,0,0,0,FALSE,FALSE,FALSE,FALSE,FALSE,TRUE,FALSE,FALSE,FALSE
Rivers and streams,5,Physical objects,,FALSE,TRUE,0,0,0,0,0,0,1,0,0,0,0,0,0,0,0,0,0,0,0,0,FALSE,FALSE,FALSE,FALSE,FALSE,FALSE,FALSE,FALSE,FALSE
Road traffic lights and signage,5,Physical objects,Used to control traffic and allow pedestrian crossing.,FALSE,TRUE,0,0,0,0,0,0,0,0,3,0,0,1,1,1,0,0,0,0,0,0,FALSE,FALSE,FALSE,FALSE,FALSE,FALSE,FALSE,FALSE,FALSE
Roads (major) and railways,5,Physical objects,,FALSE,TRUE,0,0,0,0,0,0,0,0,2,0,0,0,1,1,0,0,0,0,0,0,FALSE,FALSE,FALSE,FALSE,FALSE,TRUE,FALSE,FALSE,FALSE
Roads (minor) and pathways,5,Physical objects,,FALSE,TRUE,0,0,0,0,0,0,0,0,3,0,1,0,1,1,0,0,0,0,0,0,FALSE,FALSE,FALSE,FALSE,FALSE,TRUE,FALSE,FALSE,FALSE
Schools,5,Physical objects,Includes public and private primary and secondary schools.,FALSE,TRUE,0,0,0,0,0,0,0,0,0,0,0,0,0,0,0,0,0,0,0,0,FALSE,FALSE,FALSE,FALSE,FALSE,TRUE,FALSE,FALSE,FALSE
Seas and tidal range,5,Physical objects,,FALSE,TRUE,0,0,0,0,0,0,1,0,0,0,0,0,0,0,0,0,0,0,0,0,FALSE,FALSE,FALSE,FALSE,FALSE,FALSE,FALSE,FALSE,FALSE
Security services,5,Physical objects,"Companies providing security and protection services to businesses and governments. Includes security & alarm services, armoured transportation & guarding.",FALSE,TRUE,0,0,0,0,0,0,0,0,0,0,0,0,0,0,0,0,0,0,0,0,FALSE,FALSE,FALSE,FALSE,FALSE,TRUE,FALSE,FALSE,FALSE
Self-storage,5,Physical objects,Systems whereby individuals rent containers or units of space within a large warehouse to store possessions.,FALSE,TRUE,0,0,0,0,0,0,0,0,0,0,0,0,0,0,0,0,0,0,0,0,FALSE,FALSE,FALSE,FALSE,FALSE,TRUE,FALSE,FALSE,FALSE
Sexual health clinics,5,Physical objects,Practices that specialise in sexual health and family planning.,FALSE,TRUE,0,0,0,0,0,0,0,0,0,0,0,0,0,0,0,0,0,0,0,0,FALSE,FALSE,FALSE,FALSE,FALSE,TRUE,FALSE,FALSE,FALSE
Shopping centres,5,Physical objects,Shopping malls that sell food and a wide range of consumer-staple products and discretionary items.,TRUE,TRUE,0,0,0,0,0,0,0,0,0,0,0,0,0,0,0,0,0,0,0,0,FALSE,FALSE,FALSE,FALSE,FALSE,TRUE,FALSE,FALSE,FALSE
Smaller food markets,5,Physical objects,"Includes fishmongers, bakeries, butchers, etc. as well as local corner shops.",FALSE,TRUE,0,0,1,0,0,0,0,0,0,0,0,0,0,0,0,0,0,0,0,0,FALSE,FALSE,FALSE,FALSE,FALSE,TRUE,FALSE,FALSE,FALSE
Social work offices,5,Physical objects,Offices or facilities where people work with the aim of alleviating the conditions of people living in social deprivation.,FALSE,TRUE,0,0,0,0,0,0,0,0,0,0,0,0,0,0,0,0,0,0,0,0,FALSE,FALSE,FALSE,FALSE,FALSE,TRUE,FALSE,FALSE,FALSE
Sports and outdoor retail,5,Physical objects,"Retailers selling sport and outdoor goods such as bicycles, camping equipment etc.",FALSE,TRUE,0,0,0,0,0,0,0,0,0,0,0,0,0,0,0,0,0,0,0,0,FALSE,FALSE,FALSE,FALSE,FALSE,TRUE,FALSE,FALSE,FALSE
Sports clubhouses,5,Physical objects,,FALSE,TRUE,0,0,0,0,0,0,0,0,0,0,0,0,0,0,0,0,0,0,0,0,FALSE,FALSE,FALSE,FALSE,FALSE,TRUE,FALSE,FALSE,FALSE
Sports facilities (indoor),5,Physical objects,,FALSE,TRUE,0,0,0,0,0,0,0,0,0,0,0,0,0,0,0,0,0,0,0,0,FALSE,FALSE,FALSE,FALSE,FALSE,TRUE,FALSE,FALSE,FALSE
"Sports facilities (outdoor, impermeable)",5,Physical objects,,FALSE,TRUE,0,0,0,0,0,0,0,0,0,0,0,0,0,0,0,0,0,0,0,0,FALSE,FALSE,FALSE,FALSE,FALSE,TRUE,FALSE,FALSE,FALSE
"Sports facilities (outdoor, impermeable, with club)",5,Physical objects,,FALSE,TRUE,0,0,0,0,0,0,0,0,0,0,0,0,0,0,0,0,0,0,0,0,FALSE,FALSE,FALSE,FALSE,FALSE,TRUE,FALSE,FALSE,FALSE
"Sports facilities (outdoor, permeable)",5,Physical objects,,FALSE,TRUE,0,0,0,0,0,0,0,0,0,0,0,0,0,0,0,0,0,0,1,0,FALSE,FALSE,FALSE,FALSE,FALSE,TRUE,FALSE,FALSE,FALSE
"Sports facilities (outdoor, permeable, with club)",5,Physical objects,,FALSE,TRUE,0,0,0,0,0,0,0,0,0,0,0,0,0,0,0,0,0,0,1,0,FALSE,FALSE,FALSE,FALSE,FALSE,TRUE,FALSE,FALSE,FALSE
Springs and wells,5,Physical objects,,FALSE,TRUE,0,0,0,0,0,0,1,0,0,0,0,0,0,0,0,0,0,0,0,0,FALSE,FALSE,FALSE,FALSE,FALSE,FALSE,FALSE,FALSE,FALSE
Stables,5,Physical objects,Artificial systems to control stormwater runoff.,FALSE,TRUE,0,0,0,0,0,0,0,0,0,0,0,0,0,0,0,0,0,0,0,0,FALSE,FALSE,FALSE,FALSE,FALSE,TRUE,FALSE,FALSE,FALSE
Stormwater retention,5,Physical objects,,FALSE,TRUE,0,0,0,0,0,0,0,0,0,0,0,0,0,0,0,0,0,0,0,0,FALSE,FALSE,FALSE,FALSE,FALSE,FALSE,FALSE,FALSE,FALSE
Street lights,5,Physical objects,"Includes dykes, dams, storm surge barriers etc.",FALSE,TRUE,0,0,0,0,0,0,0,0,0,0,0,0,0,0,0,0,0,0,0,0,FALSE,FALSE,FALSE,FALSE,FALSE,FALSE,FALSE,FALSE,FALSE
Structural defences,5,Physical objects,"Places where subway trains stop regularly to allow passengers to get on and off, normally including a small convenience shop.",FALSE,,0,0,0,0,0,0,0,0,0,0,0,0,0,0,0,0,0,0,0,0,FALSE,FALSE,FALSE,FALSE,FALSE,FALSE,FALSE,FALSE,FALSE
Subway stations,5,Physical objects,,FALSE,FALSE,0,0,0,0,0,0,0,0,1,0,0,1,0,0,0,0,0,0,0,0,FALSE,FALSE,FALSE,FALSE,FALSE,TRUE,FALSE,FALSE,FALSE
Subway trains,5,Physical objects,Stores that sell food and a wide range of consumer staple products.,TRUE,TRUE,0,0,0,0,0,0,0,0,1,0,0,1,0,0,0,0,0,0,0,0,FALSE,FALSE,FALSE,FALSE,FALSE,TRUE,FALSE,FALSE,FALSE
Supermarkets,5,Physical objects,"Closed circuit television (CCTV), traffic cameras, or other surveillance cameras usually aimed at crime detection and prevention.",FALSE,TRUE,0,0,1,0,0,0,0,0,0,0,0,0,0,0,0,0,0,0,0,0,FALSE,FALSE,FALSE,FALSE,FALSE,TRUE,FALSE,FALSE,FALSE
Surveillance cameras,5,Physical objects,,FALSE,TRUE,0,0,0,0,0,0,0,0,0,0,0,0,0,0,0,0,0,0,0,0,FALSE,FALSE,FALSE,FALSE,FALSE,FALSE,FALSE,FALSE,FALSE
Takeaways and fast food,5,Physical objects,,FALSE,TRUE,0,0,0,0,0,0,0,0,0,0,0,0,0,0,0,0,0,0,0,0,FALSE,FALSE,FALSE,FALSE,FALSE,TRUE,FALSE,FALSE,FALSE
Taxi ranks,5,Physical objects,,FALSE,FALSE,0,0,0,0,0,0,0,0,0,0,0,0,0,0,0,0,0,0,0,0,FALSE,FALSE,FALSE,FALSE,FALSE,TRUE,FALSE,FALSE,FALSE
Taxis,5,Physical objects,Elevated structures that house electronic communications equipment along with an antenna to support cellular communication in a network. ,FALSE,TRUE,0,0,0,0,0,0,0,0,0,0,0,0,0,0,0,0,0,0,0,0,FALSE,FALSE,FALSE,FALSE,FALSE,TRUE,FALSE,FALSE,FALSE
Telecommunications towers,5,Physical objects,Telecommunications system used in the public switched telephone network or in large enterprises. It interconnects telephone subscriber lines or virtual circuits of digital systems to establish telephone calls between subscribers.,FALSE,TRUE,1,0,0,0,0,0,0,0,0,0,0,0,0,0,0,0,0,0,0,0,FALSE,FALSE,FALSE,FALSE,FALSE,FALSE,FALSE,FALSE,FALSE
Telephone exchanges and data centres,5,Physical objects,Roadside kiosks where drivers or pedestrians must pay to use a bridge or road; roadside points where lorries must be checked for proper weight and operation.,FALSE,TRUE,1,0,0,0,0,0,0,0,0,0,0,0,0,0,0,0,0,0,0,0,FALSE,FALSE,FALSE,FALSE,FALSE,TRUE,FALSE,FALSE,FALSE
Toll booths and weighbridges,5,Physical objects,,FALSE,TRUE,0,0,0,0,0,0,0,0,0,0,0,0,0,0,0,0,0,0,0,0,FALSE,FALSE,FALSE,FALSE,FALSE,TRUE,FALSE,FALSE,FALSE
Tourism offices,5,Physical objects,Open public space in an urban area used for community gatherings.,TRUE,FALSE,0,0,0,0,0,0,0,0,0,0,0,0,0,0,0,0,0,0,0,0,FALSE,FALSE,FALSE,FALSE,FALSE,TRUE,FALSE,FALSE,FALSE
Town squares,5,Physical objects,"Includes speed bumps, speed tables, lane width restrictions etc. with the aim of encouraging safer driving (both in road and rail operations).",FALSE,TRUE,0,0,0,0,0,0,0,0,0,0,0,0,0,0,0,0,0,0,0,0,FALSE,FALSE,FALSE,FALSE,FALSE,TRUE,FALSE,FALSE,FALSE
Traffic calming measures,5,Physical objects,"Terminal rail stations that act as a transport hub to other destinations, where passengers can buy tickets, refreshments, other goods, and public toilets are provided.",TRUE,TRUE,0,0,0,0,0,0,0,0,4,0,1,1,1,1,0,0,0,0,0,0,FALSE,FALSE,FALSE,FALSE,FALSE,TRUE,FALSE,FALSE,FALSE
Train stations (major),5,Physical objects,"Places in the railway line where the train regularly stops so passengers can get on and off. Often includes a vending machine or small coffee stand, a public toilet, but few other facilities.",FALSE,TRUE,0,0,0,0,0,0,0,0,1,0,0,1,0,0,0,0,0,0,0,0,FALSE,FALSE,FALSE,FALSE,FALSE,TRUE,FALSE,FALSE,FALSE
Train stations (minor),5,Physical objects,Places where people undergo skills training for work.,FALSE,TRUE,0,0,0,0,0,0,0,0,1,0,0,1,0,0,0,0,0,0,0,0,FALSE,FALSE,FALSE,FALSE,FALSE,TRUE,FALSE,FALSE,FALSE
Training centres,5,Physical objects,,FALSE,FALSE,0,0,0,0,0,0,0,0,0,0,0,0,0,0,0,0,0,0,0,0,FALSE,FALSE,FALSE,FALSE,FALSE,TRUE,FALSE,FALSE,FALSE
Trains,5,Physical objects,,FALSE,TRUE,0,0,0,0,0,0,0,0,1,0,0,1,0,0,0,0,0,0,0,0,FALSE,FALSE,FALSE,FALSE,FALSE,TRUE,FALSE,FALSE,FALSE
Tram stops,5,Physical objects,"Places to supervise the movement of people, goods or vehicles to ensure efficiency and safety. Includes logistics headquarters, traffic control centres (for all modes of transport), individual commercial operator offices (e.g. ScotRail or British Airways).",FALSE,TRUE,0,0,0,0,0,0,0,0,1,0,0,1,0,0,0,0,0,0,0,0,FALSE,FALSE,FALSE,FALSE,FALSE,TRUE,FALSE,FALSE,FALSE
Transport providers and control centres,5,Physical objects,Agencies that makes necessary arrangements for travellers.,FALSE,TRUE,0,0,0,0,0,0,0,0,4,1,0,1,1,1,0,0,0,0,0,0,FALSE,FALSE,FALSE,FALSE,FALSE,TRUE,FALSE,FALSE,FALSE
Travel agencies,5,Physical objects,,FALSE,TRUE,0,0,0,0,0,0,0,0,0,0,0,0,0,0,0,0,0,0,0,0,FALSE,FALSE,FALSE,FALSE,FALSE,TRUE,FALSE,FALSE,FALSE
Traveller sites,5,Physical objects,Artificial underground or covered passages.,FALSE,TRUE,0,0,0,0,0,0,0,0,0,0,0,0,0,0,0,0,0,0,0,0,FALSE,FALSE,FALSE,FALSE,FALSE,TRUE,FALSE,FALSE,FALSE
Tunnels,5,Physical objects,"Organisations formed by workers from related fields that work for the common interest of its members. They work on issues like fairness of pay good working environment, hours of work and benefits.",FALSE,TRUE,0,0,0,0,0,0,0,0,4,0,1,1,1,1,0,0,0,0,0,0,FALSE,FALSE,FALSE,FALSE,FALSE,TRUE,FALSE,FALSE,FALSE
Union offices,5,Physical objects,"Includes any electrical, plumbing or heating installation/maintenance companies.",FALSE,TRUE,0,0,0,0,0,0,0,0,0,0,0,0,0,0,0,0,0,0,0,0,FALSE,FALSE,FALSE,FALSE,FALSE,TRUE,FALSE,FALSE,FALSE
Utility trades,5,Physical objects,"Where public transport, police, emergency services, logistics, or other vehicles are stored and maintained.",FALSE,TRUE,1,1,0,1,0,0,0,0,0,0,0,0,0,0,0,0,0,0,0,0,FALSE,FALSE,FALSE,FALSE,FALSE,TRUE,FALSE,FALSE,FALSE
Vehicle depots,5,Physical objects,,FALSE,TRUE,0,0,0,0,0,0,0,0,3,1,0,1,0,1,0,0,0,0,0,0,FALSE,FALSE,FALSE,FALSE,FALSE,TRUE,FALSE,FALSE,FALSE
Vehicle impounds,5,Physical objects,Companies that repairs or services vehicles; car washes; fuel stations.,FALSE,TRUE,0,0,0,0,0,0,0,0,0,0,0,0,0,0,0,0,0,0,0,0,FALSE,FALSE,FALSE,FALSE,FALSE,TRUE,FALSE,FALSE,FALSE
Vehicle maintenance services,5,Physical objects,Companies that rents vehicles out for a short period of time.,FALSE,TRUE,0,0,0,0,0,0,0,0,1,0,0,0,1,0,0,0,0,0,0,0,FALSE,FALSE,FALSE,FALSE,FALSE,TRUE,FALSE,FALSE,FALSE
Vehicle rental services,5,Physical objects,Places where the public can rent bicycles or pick up vehicles as part of car sharing schemes.,FALSE,TRUE,0,0,0,0,0,0,0,0,1,0,0,0,1,0,0,0,0,0,0,0,FALSE,FALSE,FALSE,FALSE,FALSE,TRUE,FALSE,FALSE,FALSE
Vehicle sharing points,5,Physical objects,Places to maintain the general health of animals or treat ill and injured animals.,FALSE,TRUE,0,0,0,0,0,0,0,0,2,0,1,0,1,0,0,0,0,0,0,0,FALSE,FALSE,FALSE,FALSE,FALSE,TRUE,FALSE,FALSE,FALSE
Veterinary practices,5,Physical objects,Buildings where workers administrate the collection of waste.,FALSE,TRUE,0,0,0,0,0,0,0,0,0,0,0,0,0,0,0,0,0,0,0,0,FALSE,FALSE,FALSE,FALSE,FALSE,TRUE,FALSE,FALSE,FALSE
Waste collection service offices,5,Physical objects,Buildings where waste is received and sorted before going to landfill or recycling.,FALSE,TRUE,0,0,0,0,0,0,0,0,0,0,0,0,0,0,1,0,0,0,0,0,FALSE,FALSE,FALSE,FALSE,FALSE,TRUE,FALSE,FALSE,FALSE
Waste sorting centres,5,Physical objects,,FALSE,FALSE,0,0,0,0,0,0,0,0,0,0,0,0,0,0,1,0,0,0,0,0,FALSE,FALSE,FALSE,FALSE,FALSE,TRUE,FALSE,FALSE,FALSE
Wastewater pipes,5,Physical objects,Facilities to collect and transport wastewater to higher elevations in order for it to be treated. Intermediate stage in the wastewater management cycle.,FALSE,FALSE,0,0,0,0,0,0,0,0,0,0,0,0,0,0,0,0,1,0,0,1,FALSE,FALSE,FALSE,FALSE,FALSE,FALSE,FALSE,FALSE,FALSE
Wastewater pumping stations,5,Physical objects,"Underground chambers where domestic wastewater flows for basic treatment. Includes one-off septic tanks connected to buildings, or points to connect to sanitary or wastewater dumps for recreational vehicles.",FALSE,TRUE,0,0,0,0,0,0,0,0,0,0,0,0,0,0,0,0,1,0,0,1,FALSE,FALSE,FALSE,FALSE,FALSE,FALSE,FALSE,FALSE,FALSE
Wastewater tanks,5,Physical objects,"Places to process used to remove contaminants from wastewater or sewage and convert it into an effluent that can be returned to the water cycle with minimum impact on the environment, or directly reused.",FALSE,TRUE,0,0,0,0,0,0,0,0,0,0,0,0,0,0,0,0,1,0,0,1,FALSE,FALSE,FALSE,FALSE,FALSE,FALSE,FALSE,FALSE,FALSE
Wastewater treatment works,5,Physical objects,Companies that provide water and sewerage services across a country.,FALSE,TRUE,0,0,0,0,0,0,0,0,0,0,0,0,0,0,0,0,1,0,0,1,FALSE,FALSE,FALSE,FALSE,FALSE,TRUE,FALSE,FALSE,FALSE
Water provider offices,5,Physical objects,Facilities that transport water from one site to another.,FALSE,FALSE,0,0,0,0,0,0,0,0,0,0,0,0,0,0,0,0,1,1,0,1,FALSE,FALSE,FALSE,FALSE,FALSE,TRUE,FALSE,FALSE,FALSE
Water pumping stations,5,Physical objects,Structures for storing water for a number of different purposes.,FALSE,TRUE,0,0,0,0,0,0,0,0,0,0,0,0,0,0,0,0,0,1,0,0,FALSE,FALSE,FALSE,FALSE,FALSE,FALSE,FALSE,FALSE,FALSE
Water tanks and towers,5,Physical objects,Facilities to improve water quality for a specific end use.,FALSE,TRUE,0,0,0,0,0,0,0,0,0,0,0,0,0,0,0,0,0,1,0,0,FALSE,FALSE,FALSE,FALSE,FALSE,FALSE,FALSE,FALSE,FALSE
Water treatment works,5,Physical objects,Shafts sunk into the ground to obtain water.,FALSE,FALSE,0,0,0,0,0,0,0,0,0,0,0,0,0,0,0,0,0,1,0,0,FALSE,FALSE,FALSE,FALSE,FALSE,TRUE,FALSE,FALSE,FALSE
Wetlands,5,Physical objects,A distinct ecosystem that is flooded by water.,FALSE,TRUE,0,0,0,0,0,0,1,0,0,0,0,0,0,0,0,0,0,0,1,0,FALSE,FALSE,FALSE,FALSE,FALSE,FALSE,FALSE,FALSE,FALSE
Wholesale retail,5,Physical objects,"Businesses that sell goods in large quantities and at low prices, typically to be sold on by retailers at a profit.",FALSE,TRUE,0,0,0,0,0,0,0,0,0,0,0,0,0,0,0,0,0,0,0,0,FALSE,FALSE,FALSE,FALSE,FALSE,TRUE,FALSE,FALSE,FALSE
Wildlife,5,Physical objects,Wild animals collectively.,FALSE,FALSE,0,0,0,0,0,0,1,0,0,0,0,0,0,0,0,0,0,0,0,0,FALSE,FALSE,FALSE,FALSE,FALSE,FALSE,FALSE,FALSE,FALSE
Zoos,5,Physical objects,"Establishments which maintain a collection of wild animals, typically in a park or gardens, for study, conservation, or display to the public.",FALSE,TRUE,0,0,0,0,0,0,0,0,0,0,0,0,0,0,0,0,0,0,0,0,FALSE,FALSE,FALSE,FALSE,FALSE,TRUE,FALSE,FALSE,FALSE
